song_name,artist_name,album_name,thumbnail,link,queryname
Black Balloons,Ellise,Black Balloons,https://i.scdn.co/image/ab67616d0000b273b6dbcf6fd8738a9460999453,https://www.youtube.com/watch?v=q50_MI6HSyA,Black Balloons by Ellise
Destroyer,Skillet,Dominion,https://i.scdn.co/image/ab67616d0000b2738313307f4c5b7cfe19ebaa21,https://www.youtube.com/watch?v=ocexxOxylzA,Destroyer by Skillet
Where Do I Sign?,Weathers,Where Do I Sign?,https://i.scdn.co/image/ab67616d0000b2733003180ab1505f39406b9d05,https://www.youtube.com/watch?v=SAxjXb41TI8,Where Do I Sign? by Weathers
Heaven Don't Have a Name,Jeremy Renner,Heaven Don't Have a Name,https://i.scdn.co/image/ab67616d0000b273c54396ebed8e1f06d5a8b83c,https://www.youtube.com/watch?v=5Kn2w8V62R4,Heaven Don't Have a Name by Jeremy Renner
Happy Pills,Weathers,Happy Pills,https://i.scdn.co/image/ab67616d0000b273f40b377328f8614879cdd29d,https://www.youtube.com/watch?v=mFxq7Mb96b0,Happy Pills by Weathers
<maybe> it's my fault,WILLOW,<COPINGMECHANISM>,https://i.scdn.co/image/ab67616d0000b2731d13addda541bcf23ea27e0d,https://www.youtube.com/watch?v=oF3caRwbKq4,<maybe> it's my fault by WILLOW
Save Yourself,ONE OK ROCK,Save Yourself,https://i.scdn.co/image/ab67616d0000b27389d4982c66a38e88b2b3b272,https://www.youtube.com/watch?v=3Fxzu6Jbrww,Save Yourself by ONE OK ROCK
parents,YUNGBLUD,weird!,https://i.scdn.co/image/ab67616d0000b273b5dd9044681a2e8e0d072e27,https://www.youtube.com/watch?v=oOWBsmgjmPo,parents by YUNGBLUD
Glass Heart,Caskets,Lost Souls,https://i.scdn.co/image/ab67616d0000b2736bbd5c58e7be013e8e83dcb3,https://www.youtube.com/watch?v=Ao4fiI9lJxk,Glass Heart by Caskets
Dead Inside,Future Palace,Run,https://i.scdn.co/image/ab67616d0000b2736d6b13d1fc6d3af5ae92f61e,https://www.youtube.com/watch?v=q8Kt-n91QDI,Dead Inside by Future Palace
Running Up That Hill (A Deal With God),Lø Spirit,Running Up That Hill (A Deal With God),https://i.scdn.co/image/ab67616d0000b273eca1b7ae163ce1f6a2fc655d,https://www.youtube.com/watch?v=81FszKwDi7c,Running Up That Hill (A Deal With God) by Lø Spirit
Candy Coated Lie$,Hot Milk,Candy Coated Lie$,https://i.scdn.co/image/ab67616d0000b2731b440485fcfc4631d10668af,https://www.youtube.com/watch?v=6-i3___ZJ_Q,Candy Coated Lie$ by Hot Milk
Lavender Bones,Stand Atlantic,Skinny Dipping,https://i.scdn.co/image/ab67616d0000b2733cc81a9fd588ad6f314e8d5d,https://www.youtube.com/watch?v=M-Y5qCHrOXI,Lavender Bones by Stand Atlantic
Love It When You Hate Me (feat. blackbear),Avril Lavigne,Love Sux,https://i.scdn.co/image/ab67616d0000b273dcb20af72a164e4b265cf89b,https://www.youtube.com/watch?v=lPi1jj12WC8,Love It When You Hate Me (feat. blackbear) by Avril Lavigne
My Songs Know What You Did In The Dark (Light Em Up),Fall Out Boy,Save Rock And Roll,https://i.scdn.co/image/ab67616d0000b273483a98632e23f6d2623ab75c,https://www.youtube.com/watch?v=LkIWmsP3c_s,My Songs Know What You Did In The Dark (Light Em Up) by Fall Out Boy
I'll Sleep When I'm Dead,Set It Off,Cinematics (Deluxe),https://i.scdn.co/image/ab67616d0000b273e0b94b530f7be8b3615e5375,https://www.youtube.com/watch?v=hZT4tPfWxfg,I'll Sleep When I'm Dead by Set It Off
Why Worry,Set It Off,Duality,https://i.scdn.co/image/ab67616d0000b273eef2f969585ecd89a33564c6,https://www.youtube.com/watch?v=sesKiKYQn84,Why Worry by Set It Off
Partners in Crime (feat. Ash Costello),Set It Off,Cinematics (Expanded Edition),https://i.scdn.co/image/ab67616d0000b27361a2e739fc2a853c99497fc7,https://www.youtube.com/watch?v=Dup4teLAkno,Partners in Crime (feat. Ash Costello) by Set It Off
C'est la vie,Weathers,Pillows & Therapy,https://i.scdn.co/image/ab67616d0000b273a69015e6c459e5a1413257c6,https://www.youtube.com/watch?v=1OeiYxdteTQ,C'est la vie by Weathers
HOLD ME TIGHT OR DON’T,Fall Out Boy,MANIA,https://i.scdn.co/image/ab67616d0000b27350bd47cf6d44bddcd546a951,https://www.youtube.com/watch?v=jG1JY0rt2Os,HOLD ME TIGHT OR DON’T by Fall Out Boy
Memories (with WILLOW),YUNGBLUD,Memories (with WILLOW),https://i.scdn.co/image/ab67616d0000b273d98c46d5e68a420c185147bf,https://www.youtube.com/watch?v=MFzq4_qCFUQ,Memories (with WILLOW) by YUNGBLUD
Jessica,girlfriends,girlfriends,https://i.scdn.co/image/ab67616d0000b27328684d125ca108816a8cced8,https://www.youtube.com/watch?v=L6_25r3d50U,Jessica by girlfriends
Monster,STARSET,Vessels,https://i.scdn.co/image/ab67616d0000b273a51a854b037ead2c9b7e25d3,https://www.youtube.com/watch?v=Bq6IuZIJhuI,Monster by STARSET
I Think I'm OKAY (with YUNGBLUD & Travis Barker),Machine Gun Kelly,Hotel Diablo,https://i.scdn.co/image/ab67616d0000b273cfc4b1939aba562fc97159c5,https://www.youtube.com/watch?v=wK-8TCDrbV8,I Think I'm OKAY (with YUNGBLUD & Travis Barker) by Machine Gun Kelly
my ex's best friend (with blackbear),Machine Gun Kelly,Tickets To My Downfall,https://i.scdn.co/image/ab67616d0000b273d4d4929a3a86fe2f9fadbd42,https://www.youtube.com/watch?v=J_n01uvyhI8,my ex's best friend (with blackbear) by Machine Gun Kelly
forget me too (feat. Halsey),Machine Gun Kelly,Tickets To My Downfall,https://i.scdn.co/image/ab67616d0000b273d4d4929a3a86fe2f9fadbd42,https://www.youtube.com/watch?v=0tn6nWYNK3Q,forget me too (feat. Halsey) by Machine Gun Kelly
Irresistible,Fall Out Boy,American Beauty/American Psycho,https://i.scdn.co/image/ab67616d0000b2733cf1c1dbcfa3f1ab7282719b,https://www.youtube.com/watch?v=2Lb2BiUC898,Irresistible by Fall Out Boy
Born For Greatness,Papa Roach,Crooked Teeth (Deluxe),https://i.scdn.co/image/ab67616d0000b2731ba664a424bfd94836feb72f,https://www.youtube.com/watch?v=6enZdk9LTqs,Born For Greatness by Papa Roach
Last Resort,Papa Roach,Infest,https://i.scdn.co/image/ab67616d0000b273985bf5ede2fe4a048ee85f28,https://www.youtube.com/watch?v=j0lSpNtjPM8,Last Resort by Papa Roach
The Game,Disturbed,The Sickness (10th Anniversary Edition),https://i.scdn.co/image/ab67616d0000b27394a42e7b21b0fab4f4773db2,https://www.youtube.com/watch?v=BsIXGVOvah8,The Game by Disturbed
The Night,Disturbed,Indestructible (Deluxe Edition),https://i.scdn.co/image/ab67616d0000b2731aeed60b435be44dd68a57a3,https://www.youtube.com/watch?v=VyctTU_0FiM,The Night by Disturbed
The Diary of Jane - Single Version,Breaking Benjamin,Phobia (Clean Version),https://i.scdn.co/image/ab67616d0000b2735aa75a47afe2804e280bd149,https://www.youtube.com/watch?v=mg3duvrq2uc,The Diary of Jane - Single Version by Breaking Benjamin
Part of Me,Disturbed,Divisive,https://i.scdn.co/image/ab67616d0000b27384979e281b0b2739d478f53c,https://www.youtube.com/watch?v=kmF8rdKkYhA,Part of Me by Disturbed
Waiting On The Sky To Change,STARSET,Waiting On The Sky To Change,https://i.scdn.co/image/ab67616d0000b273398ca26c0320f0d95ffb0b1d,https://www.youtube.com/watch?v=baQVB2W1KAQ,Waiting On The Sky To Change by STARSET
Zombie,Bad Wolves,Disobey,https://i.scdn.co/image/ab67616d0000b27398e5206660da079d853eba62,https://www.youtube.com/watch?v=9XaS93WMRQQ,Zombie by Bad Wolves
Painkiller,Three Days Grace,Human,https://i.scdn.co/image/ab67616d0000b2738443a724ced4e3bef303fb7a,https://www.youtube.com/watch?v=U8ai37gFvMk,Painkiller by Three Days Grace
Awake and Alive,Skillet,Awake,https://i.scdn.co/image/ab67616d0000b27343e531d5f69170aba281ef43,https://www.youtube.com/watch?v=2aJUnltwsqs,Awake and Alive by Skillet
Monster,Skillet,Awake,https://i.scdn.co/image/ab67616d0000b27343e531d5f69170aba281ef43,https://www.youtube.com/watch?v=1mjlM_RnsVE,Monster by Skillet
Untraveled Road,Thousand Foot Krutch,OXYGEN: INHALE,https://i.scdn.co/image/ab67616d0000b273d7880a2979fa42e65e290c72,https://www.youtube.com/watch?v=jSD5vSSGLOM,Untraveled Road by Thousand Foot Krutch
Take It Out On Me,Thousand Foot Krutch,Welcome To The Masquerade (Fan Edition),https://i.scdn.co/image/ab67616d0000b2734bba6fb7de117c1202cbdc08,https://www.youtube.com/watch?v=ZAuYNq-vNdQ,Take It Out On Me by Thousand Foot Krutch
War of Change,Thousand Foot Krutch,The End Is Where We Begin,https://i.scdn.co/image/ab67616d0000b2731a2e4290b83a4c810d019fcd,https://www.youtube.com/watch?v=HdnTSXUWd3E,War of Change by Thousand Foot Krutch
Perfect Insanity,Disturbed,Indestructible (Deluxe Edition),https://i.scdn.co/image/ab67616d0000b2731aeed60b435be44dd68a57a3,https://www.youtube.com/watch?v=ta-gZYNrj20,Perfect Insanity by Disturbed
Are You Ready,Disturbed,Evolution,https://i.scdn.co/image/ab67616d0000b27356351a5b4d78e94390514484,https://www.youtube.com/watch?v=55NJzOSuKuY,Are You Ready by Disturbed
Stupify,Disturbed,The Sickness,https://i.scdn.co/image/ab67616d0000b2732b222dcd5c4fcac7c0e81da2,https://www.youtube.com/watch?v=GVcY--XzeIc,Stupify by Disturbed
This Moment,Disturbed,The Lost Children,https://i.scdn.co/image/ab67616d0000b2735d6757faf5a3cdbbfd34107a,https://www.youtube.com/watch?v=PFVgiu0YhOE,This Moment by Disturbed
Decadence,Disturbed,Ten Thousand Fists,https://i.scdn.co/image/ab67616d0000b273bbdafec608fc5329ec2ad831,https://www.youtube.com/watch?v=-daTpfB-7K4,Decadence by Disturbed
Prayer,Disturbed,Believe,https://i.scdn.co/image/ab67616d0000b2739ad624c49239d6868b5f3aad,https://www.youtube.com/watch?v=DWSlOCEzRGo,Prayer by Disturbed
Divisive,Disturbed,Divisive,https://i.scdn.co/image/ab67616d0000b27384979e281b0b2739d478f53c,https://www.youtube.com/watch?v=ckcZhbmhgmM,Divisive by Disturbed
Unstoppable,Disturbed,Unstoppable,https://i.scdn.co/image/ab67616d0000b273854d0c13c0f3e0df0e0f2151,https://www.youtube.com/watch?v=XiXb-6j4R98,Unstoppable by Disturbed
Inside the Fire,Disturbed,Indestructible (Deluxe Edition),https://i.scdn.co/image/ab67616d0000b2731aeed60b435be44dd68a57a3,https://www.youtube.com/watch?v=gkhwK6Wlod8,Inside the Fire by Disturbed
The Vengeful One,Disturbed,Immortalized,https://i.scdn.co/image/ab67616d0000b273d16fafa6fe32995b9a43533a,https://www.youtube.com/watch?v=8nW-IPrzM1g,The Vengeful One by Disturbed
Indestructible,Disturbed,Indestructible (Deluxe Edition),https://i.scdn.co/image/ab67616d0000b2731aeed60b435be44dd68a57a3,https://www.youtube.com/watch?v=aWxBrI0g1kE,Indestructible by Disturbed
Down with the Sickness,Disturbed,The Sickness (20th Anniversary Edition),https://i.scdn.co/image/ab67616d0000b273f29e58d4b65aefd49a3be481,https://www.youtube.com/watch?v=09LTT0xwdfw,Down with the Sickness by Disturbed
Stricken,Disturbed,Ten Thousand Fists,https://i.scdn.co/image/ab67616d0000b273bbdafec608fc5329ec2ad831,https://www.youtube.com/watch?v=I77mjesUbkw,Stricken by Disturbed
Hey You,Disturbed,Divisive,https://i.scdn.co/image/ab67616d0000b27384979e281b0b2739d478f53c,https://www.youtube.com/watch?v=YCGIj7KmwyI,Hey You by Disturbed
emo girl (feat. WILLOW),Machine Gun Kelly,mainstream sellout,https://i.scdn.co/image/ab67616d0000b273b4683d9ac3c5f14a71523c84,https://www.youtube.com/watch?v=yh_ydvIJAxg,emo girl (feat. WILLOW) by Machine Gun Kelly
RECOVER,Point North,RECOVER,https://i.scdn.co/image/ab67616d0000b2730147bf8c247feb37c783917f,https://www.youtube.com/watch?v=6SUU1kBHA3o,RECOVER by Point North
"deathwish (feat. nothing,nowhere.)",Stand Atlantic,f.e.a.r.,https://i.scdn.co/image/ab67616d0000b273a7e350a4babfd4d315d2891d,https://www.youtube.com/watch?v=ZB5yS1i72pk,"deathwish (feat. nothing,nowhere.) by Stand Atlantic"
HandClap,Fitz and The Tantrums,Fitz and The Tantrums,https://i.scdn.co/image/ab67616d0000b27358c4833cc8b1a3d6e4890940,https://www.youtube.com/watch?v=Y2V6yjjPbX0,HandClap by Fitz and The Tantrums
sTraNgeRs,Bring Me The Horizon,sTraNgeRs,https://i.scdn.co/image/ab67616d0000b27325580fd82993317d2ac089d9,https://www.youtube.com/watch?v=FsNGxsrcZas,sTraNgeRs by Bring Me The Horizon
Main Attraction,Jeremy Renner,The Medicine,https://i.scdn.co/image/ab67616d0000b2732394360582d3a2f361b8b90a,https://www.youtube.com/watch?v=jL2DcWB994s,Main Attraction by Jeremy Renner
Everyone's a Secret,Lø Spirit,Everyone's a Secret,https://i.scdn.co/image/ab67616d0000b2738cdc2960aa6c74dee87913c4,https://www.youtube.com/watch?v=jY5C33ztgck,Everyone's a Secret by Lø Spirit
gfy (with Machine Gun Kelly),blackbear,in loving memory,https://i.scdn.co/image/ab67616d0000b273fda5851154fa029164a281e1,https://www.youtube.com/watch?v=XDnw808NKXY,gfy (with Machine Gun Kelly) by blackbear
29,Demi Lovato,29,https://i.scdn.co/image/ab67616d0000b273d7986ea681466b64ec2de8dd,https://www.youtube.com/watch?v=nmpBEoiuUBw,29 by Demi Lovato
A$$A$$IN,Beauty School Dropout,We Made Plans & God Laughed,https://i.scdn.co/image/ab67616d0000b2739e37d0600571b9ac572ff496,https://www.youtube.com/watch?v=BTTQZtXZBK0,A$$A$$IN by Beauty School Dropout
Call Me a Saint,YONAKA,Seize the Power,https://i.scdn.co/image/ab67616d0000b27338debe8dc40c62d7c593bed2,https://www.youtube.com/watch?v=c_EnYLqt1Wk,Call Me a Saint by YONAKA
Stronger,The Score,Carry On,https://i.scdn.co/image/ab67616d0000b27326f401c31ac9944252d66fab,https://www.youtube.com/watch?v=cNld-AHw-Wg,Stronger by The Score
Mr. Doctor Man,Palaye Royale,Boom Boom Room (Side A),https://i.scdn.co/image/ab67616d0000b273cfa2c1e4215f48005ac31fde,https://www.youtube.com/watch?v=nzM134EhSFQ,Mr. Doctor Man by Palaye Royale
Monsters (feat. blackbear),All Time Low,"Wake Up, Sunshine",https://i.scdn.co/image/ab67616d0000b27328c24b54e9149cab239ac1cd,https://www.youtube.com/watch?v=6aIVwQFSnVc,Monsters (feat. blackbear) by All Time Low
Sleepwalking,Smash Into Pieces,Sleepwalking,https://i.scdn.co/image/ab67616d0000b27328c05b155a32f9967b0f29e8,https://www.youtube.com/watch?v=WpkTLgdJEg8,Sleepwalking by Smash Into Pieces
Any Other Way,We The Kings,Somewhere Somehow,https://i.scdn.co/image/ab67616d0000b273734dbf67d585a457a8d2b676,https://www.youtube.com/watch?v=2j9VVW_mYQk,Any Other Way by We The Kings
Loser,Sueco,It Was Fun While It Lasted,https://i.scdn.co/image/ab67616d0000b273b37f851c17f61753edb0e128,https://www.youtube.com/watch?v=X3iWidBdQsU,Loser by Sueco
Born For This,The Score,Carry On,https://i.scdn.co/image/ab67616d0000b27326f401c31ac9944252d66fab,https://www.youtube.com/watch?v=aJ5IzGBnWAc,Born For This by The Score
Demon,Savage Hands,The Truth in Your Eyes,https://i.scdn.co/image/ab67616d0000b273b75c58c19c787ca671d5c75c,https://www.youtube.com/watch?v=9rts4cCh5Kg,Demon by Savage Hands
Running Away from Home,Smash Into Pieces,A New Horizon,https://i.scdn.co/image/ab67616d0000b273119db6e538822a6b39386db0,https://www.youtube.com/watch?v=dt4EEvQSUkc,Running Away from Home by Smash Into Pieces
Killer In The Mirror,Set It Off,Midnight,https://i.scdn.co/image/ab67616d0000b2739ddcf67070c295e7d5f7ce69,https://www.youtube.com/watch?v=oniytGOUi3c,Killer In The Mirror by Set It Off
Killing Me Slowly,Bad Wolves,N.A.T.I.O.N.,https://i.scdn.co/image/ab67616d0000b2731289003f4068380088b64043,https://www.youtube.com/watch?v=Dhx_SGsuNfE,Killing Me Slowly by Bad Wolves
Zombie,Bad Wolves,Zombie,https://i.scdn.co/image/ab67616d0000b273eb034e1b6f184377ea92965a,https://www.youtube.com/watch?v=9XaS93WMRQQ,Zombie by Bad Wolves
"You're Gonna Go Far, Kid",The Offspring,"Rise And Fall, Rage And Grace",https://i.scdn.co/image/ab67616d0000b273890ce61533a89e00ce593fcb,https://www.youtube.com/watch?v=ql9-82oV2JE,"You're Gonna Go Far, Kid by The Offspring"
Lost In the Night (Chainsaw Man),Rustage,Lost In the Night (Chainsaw Man),https://i.scdn.co/image/ab67616d0000b273558776877f5e7a336e7c10a5,https://www.youtube.com/watch?v=HFUc9u6Vbag,Lost In the Night (Chainsaw Man) by Rustage
Devil in Disguise,EMM,RUBY,https://i.scdn.co/image/ab67616d0000b273d259c9223d3fffa9f1a55c07,https://www.youtube.com/watch?v=KZY-JxclgRE,Devil in Disguise by EMM
"One Hell of a Team (Inspired by ""Hazbin Hotel"")",AmaLee,"One Hell of a Team (Inspired by ""Hazbin Hotel"")",https://i.scdn.co/image/ab67616d0000b27327c47304735ea0c4de9ff5e3,https://www.youtube.com/watch?v=6qV6uCI8Eb8,"One Hell of a Team (Inspired by ""Hazbin Hotel"") by AmaLee"
Emperor's New Clothes,Panic! At The Disco,Death of a Bachelor,https://i.scdn.co/image/ab67616d0000b27323152d9337d6c57b116ed13a,https://www.youtube.com/watch?v=7qFF2v8VsaA,Emperor's New Clothes by Panic! At The Disco
Come and Get It from Me,Sun Heat,Ready to Go,https://i.scdn.co/image/ab67616d0000b2731fae1aad455086e7ede626e7,https://www.youtube.com/watch?v=_hll0j56Wc0,Come and Get It from Me by Sun Heat
cinderella's dead,EMELINE,cinderella's dead,https://i.scdn.co/image/ab67616d0000b273b90582e9dd66ada7f5597957,https://www.youtube.com/watch?v=Tf7qp1CwanI,cinderella's dead by EMELINE
Boyfriend,Dove Cameron,Boyfriend,https://i.scdn.co/image/ab67616d0000b2730397f50cb9dc5393db5d08bc,https://www.youtube.com/watch?v=SOn3_0Oav0k,Boyfriend by Dove Cameron
Wicked Witch of the Westside,Ellise,Letting the Wolf In,https://i.scdn.co/image/ab67616d0000b2737518548e562637bb371b2413,https://www.youtube.com/watch?v=kzkuKAZa6Hs,Wicked Witch of the Westside by Ellise
Control,Halsey,BADLANDS (Deluxe),https://i.scdn.co/image/ab67616d0000b27374fefed78db6d6cf4d963fdc,https://www.youtube.com/watch?v=so8V5dAli-Q,Control by Halsey
House of Memories,Panic! At The Disco,Death of a Bachelor,https://i.scdn.co/image/ab67616d0000b27323152d9337d6c57b116ed13a,https://www.youtube.com/watch?v=DGn3Ic8XC8M,House of Memories by Panic! At The Disco
Devil I Know,Allie X,Cape God,https://i.scdn.co/image/ab67616d0000b273fe3bc02e8644d5345a77f34f,https://www.youtube.com/watch?v=earE2mLDGjU,Devil I Know by Allie X
Sociopath,StayLoose,Sociopath,https://i.scdn.co/image/ab67616d0000b2733622ab7b05c3bb0e4a93e1c9,https://www.youtube.com/watch?v=14Bbe00hkgw,Sociopath by StayLoose
Playground (from the series Arcane League of Legends),Bea Miller,Arcane League of Legends (Soundtrack from the Animated Series),https://i.scdn.co/image/ab67616d0000b273d10169c17651c8b2ab5c8416,https://www.youtube.com/watch?v=3jfI-z__GY0,Playground (from the series Arcane League of Legends) by Bea Miller
Meant to be Yours,Jamie Muscato,Heathers the Musical (Original West End Cast Recording),https://i.scdn.co/image/ab67616d0000b273fc13160fc9e797cb7612b5a2,https://www.youtube.com/watch?v=kiPZuWS2S-k,Meant to be Yours by Jamie Muscato
Usseewa,Ado,Kyougen,https://i.scdn.co/image/ab67616d0000b27364381fb5ba549f149ae74560,https://www.youtube.com/watch?v=Qp3b-RXtz4w,Usseewa by Ado
"STORY (From ""Isekai Ojisan: Uncle from Another World"")",Miura Jam,"STORY (From ""Isekai Ojisan: Uncle from Another World"")",https://i.scdn.co/image/ab67616d0000b273c01e9614e048dc86e25081bd,https://www.youtube.com/watch?v=mhBbV-gRRx8,"STORY (From ""Isekai Ojisan: Uncle from Another World"") by Miura Jam"
Tot Musica,Ado,UTA'S SONGS ONE PIECE FILM RED,https://i.scdn.co/image/ab67616d0000b2730cbecafa929898c82adc519c,https://www.youtube.com/watch?v=V9_ZpqfqHFI,Tot Musica by Ado
"Tot Musica (From ""One Piece Film: Red"")",AmaLee,"Tot Musica (From ""One Piece Film: Red"")",https://i.scdn.co/image/ab67616d0000b273909bdf23444312ccc2fa3e15,https://www.youtube.com/watch?v=Q-JIVwhf2_4,"Tot Musica (From ""One Piece Film: Red"") by AmaLee"
No Lie,Sean Paul,Mad Love The Prequel,https://i.scdn.co/image/ab67616d0000b2732d564195ed3dd7b70d64862c,https://www.youtube.com/watch?v=GzU8KqOY8YA,No Lie by Sean Paul
Unholy (feat. Kim Petras),Sam Smith,Unholy (feat. Kim Petras),https://i.scdn.co/image/ab67616d0000b273a935e4689f15953311772cc4,https://www.youtube.com/watch?v=Uq9gPaIzbe8,Unholy (feat. Kim Petras) by Sam Smith
STAY (with Justin Bieber),The Kid LAROI,STAY (with Justin Bieber),https://i.scdn.co/image/ab67616d0000b27341e31d6ea1d493dd77933ee5,https://www.youtube.com/watch?v=kTJczUoc26U,STAY (with Justin Bieber) by The Kid LAROI
Payroll (feat. Kranium),RIKA,Payroll (feat. Kranium),https://i.scdn.co/image/ab67616d0000b2731032b1624d76a16ffdb86bc0,https://www.youtube.com/watch?v=0Kh83-TGWTU,Payroll (feat. Kranium) by RIKA
you were there for me,Henry Moodie,you were there for me,https://i.scdn.co/image/ab67616d0000b2730aac10d93a55e986a84a9ddf,https://www.youtube.com/watch?v=9fP2ucW2SN4,you were there for me by Henry Moodie
Let Me Down Slowly,Alec Benjamin,Narrated For You,https://i.scdn.co/image/ab67616d0000b273459d675aa0b6f3b211357370,https://www.youtube.com/watch?v=50VNCymT-Cs,Let Me Down Slowly by Alec Benjamin
As It Was,Harry Styles,As It Was,https://i.scdn.co/image/ab67616d0000b273b46f74097655d7f353caab14,https://www.youtube.com/watch?v=H5v3kku4y6Q,As It Was by Harry Styles
Levitating (feat. DaBaby),Dua Lipa,Future Nostalgia,https://i.scdn.co/image/ab67616d0000b273d4daf28d55fe4197ede848be,https://www.youtube.com/watch?v=TUVcZfQe-Kw,Levitating (feat. DaBaby) by Dua Lipa
In My Blood,Shawn Mendes,Shawn Mendes,https://i.scdn.co/image/ab67616d0000b273269423eb6467e308c0fbce24,https://www.youtube.com/watch?v=36tggrpRoTI,In My Blood by Shawn Mendes
My Head & My Heart,Ava Max,Heaven & Hell,https://i.scdn.co/image/ab67616d0000b2739a95e89d24214b94de36ccf7,https://www.youtube.com/watch?v=w8mBplMtwJ8,My Head & My Heart by Ava Max
Break My Heart,Dua Lipa,Future Nostalgia,https://i.scdn.co/image/ab67616d0000b273bd26ede1ae69327010d49946,https://www.youtube.com/watch?v=Nj2U6rhnucI,Break My Heart by Dua Lipa
Infinity,Jaymes Young,Feel Something,https://i.scdn.co/image/ab67616d0000b273a9897f65d1ead1be10a51e3f,https://www.youtube.com/watch?v=PWqEPKduGm8,Infinity by Jaymes Young
good 4 u,Olivia Rodrigo,Hits Rentrée 2021,https://i.scdn.co/image/ab67616d0000b273f210ceece76bf8606197b3b3,https://www.youtube.com/watch?v=gNi_6U5Pm_o,good 4 u by Olivia Rodrigo
abcdefu,GAYLE,abcdefu,https://i.scdn.co/image/ab67616d0000b2732842f743ebd32235bceb43d3,https://www.youtube.com/watch?v=NaFd8ucHLuo,abcdefu by GAYLE
Bad Liar,Imagine Dragons,Origins (Deluxe),https://i.scdn.co/image/ab67616d0000b273da6f73a25f4c79d0e6b4a8bd,https://www.youtube.com/watch?v=I-QfPUz1es8,Bad Liar by Imagine Dragons
INDUSTRY BABY (feat. Jack Harlow),Lil Nas X,INDUSTRY BABY (feat. Jack Harlow),https://i.scdn.co/image/ab67616d0000b273ba26678947112dff3c3158bf,https://www.youtube.com/watch?v=UTHLKHL_whs,INDUSTRY BABY (feat. Jack Harlow) by Lil Nas X
Woman Like Me (feat. Nicki Minaj),Little Mix,LM5 (Deluxe),https://i.scdn.co/image/ab67616d0000b27315174e2b2347b5ffbea6dbf0,https://www.youtube.com/watch?v=fSOpiZo1BAA,Woman Like Me (feat. Nicki Minaj) by Little Mix
Here With Me,Marshmello,Here With Me,https://i.scdn.co/image/ab67616d0000b2732cbb5f97a0853d1c7cbbe231,https://www.youtube.com/watch?v=NRmSf9VqrUA,Here With Me by Marshmello
More Than You Know,Axwell /\ Ingrosso,More Than You Know,https://i.scdn.co/image/ab67616d0000b273fba6de0b38b0168d480b1a27,https://www.youtube.com/watch?v=GsF05B8TFWg,More Than You Know by Axwell /\ Ingrosso
Arcade,Duncan Laurence,Small Town Boy,https://i.scdn.co/image/ab67616d0000b2731b55c3257d316d184d641800,https://www.youtube.com/watch?v=51u5fnyrGj4,Arcade by Duncan Laurence
Shivers,Ed Sheeran,=,https://i.scdn.co/image/ab67616d0000b273ef24c3fdbf856340d55cfeb2,https://www.youtube.com/watch?v=Il0S8BoucSA,Shivers by Ed Sheeran
Youngblood,5 Seconds of Summer,Youngblood (Deluxe),https://i.scdn.co/image/ab67616d0000b27341aa6776dc15fbd71a2b4557,https://www.youtube.com/watch?v=-RJSbO8UZVY,Youngblood by 5 Seconds of Summer
Physical,Dua Lipa,Future Nostalgia,https://i.scdn.co/image/ab67616d0000b273bd26ede1ae69327010d49946,https://www.youtube.com/watch?v=9HDEHj2yzew,Physical by Dua Lipa
hot girl bummer,blackbear,everything means nothing,https://i.scdn.co/image/ab67616d0000b273e9b6f26ff354f4d70847f02d,https://www.youtube.com/watch?v=5cPW0ggFq04,hot girl bummer by blackbear
Dusk Till Dawn (feat. Sia) - Radio Edit,ZAYN,Dusk Till Dawn (feat. Sia) [Radio Edit],https://i.scdn.co/image/ab67616d0000b27323852b7ef0ecfe29d38d97ee,https://www.youtube.com/watch?v=tt2k8PGm-TI,Dusk Till Dawn (feat. Sia) - Radio Edit by ZAYN
Bad Habits,Ed Sheeran,=,https://i.scdn.co/image/ab67616d0000b273ef24c3fdbf856340d55cfeb2,https://www.youtube.com/watch?v=orJSJGHjBLI,Bad Habits by Ed Sheeran
ラヴァーズ,7!!,Anipps,https://i.scdn.co/image/ab67616d0000b2733dfa792536844032b9561aea,https://www.youtube.com/watch?v=MF8kHWWFO10,ラヴァーズ by 7!!
The Beginning,ONE OK ROCK,JINSEI KAKETE BOKU WA,https://i.scdn.co/image/ab67616d0000b273cff66b3375bbeb03c6c214a0,https://www.youtube.com/watch?v=Hh9yZWeTmVM,The Beginning by ONE OK ROCK
よふかしのうた,Creepy Nuts,よふかしのうた,https://i.scdn.co/image/ab67616d0000b273b1628bf435524206e5efa612,https://www.youtube.com/watch?v=F6_zbnfxoBA,よふかしのうた by Creepy Nuts
堕天,Creepy Nuts,堕天,https://i.scdn.co/image/ab67616d0000b27351c697da13ab218a493fb964,https://www.youtube.com/watch?v=LoO_AJD_KCc,堕天 by Creepy Nuts
ロスタイム,Creepy Nuts,アンサンブル・プレイ,https://i.scdn.co/image/ab67616d0000b27318285df0b7581a0fcc806afc,https://www.youtube.com/watch?v=O6WjVGEVbNc,ロスタイム by Creepy Nuts
"Lose Yourself - From ""8 Mile"" Soundtrack",Eminem,Just Lose It,https://i.scdn.co/image/ab67616d0000b273b6ef2ebd34efb08cb76f6eec,https://www.youtube.com/watch?v=_Yhyp-_hX2s,"Lose Yourself - From ""8 Mile"" Soundtrack by Eminem"
When I'm Gone,Eminem,When I'm Gone,https://i.scdn.co/image/ab67616d0000b273e7eb779a71e61702561a5e78,https://www.youtube.com/watch?v=1wYNFfgrXTI,When I'm Gone by Eminem
Side To Side,Ariana Grande,Dangerous Woman,https://i.scdn.co/image/ab67616d0000b27333342c57a9b2c4e04c97b3f5,https://www.youtube.com/watch?v=SXiSVQZLje8,Side To Side by Ariana Grande
Dangerous Woman,Ariana Grande,Dangerous Woman,https://i.scdn.co/image/ab67616d0000b27333342c57a9b2c4e04c97b3f5,https://www.youtube.com/watch?v=9WbCfHutDSE,Dangerous Woman by Ariana Grande
River (feat. Ed Sheeran),Eminem,Revival,https://i.scdn.co/image/ab67616d0000b273dee6b58d35215322626b5701,https://www.youtube.com/watch?v=wfWIs2gFTAM,River (feat. Ed Sheeran) by Eminem
Lean On (feat. MØ & DJ Snake),Major Lazer,Peace Is The Mission,https://i.scdn.co/image/ab67616d0000b2739f55dad3a63f72f1bc8d6f59,https://www.youtube.com/watch?v=YqeW9_5kURI,Lean On (feat. MØ & DJ Snake) by Major Lazer
7 rings,Ariana Grande,"thank u, next",https://i.scdn.co/image/ab67616d0000b27356ac7b86e090f307e218e9c8,https://www.youtube.com/watch?v=QYh6mYIJG2Y,7 rings by Ariana Grande
I Mean It (feat. Remo),G-Eazy,These Things Happen,https://i.scdn.co/image/ab67616d0000b273bdfe4efd674482cf5ac88c99,https://www.youtube.com/watch?v=CxnaPa8ohmM,I Mean It (feat. Remo) by G-Eazy
"Shell Shocked (feat. Kill the Noise & Madsonik) - From ""Teenage Mutant Ninja Turtles""",Juicy J,"Shell Shocked (feat. Kill the Noise & Madsonik) [From ""Teenage Mutant Ninja Turtles""]",https://i.scdn.co/image/ab67616d0000b273abe98b7f16e9daf02961a180,https://www.youtube.com/watch?v=BaACrT6Ydik,"Shell Shocked (feat. Kill the Noise & Madsonik) - From ""Teenage Mutant Ninja Turtles"" by Juicy J"
Rockabye (feat. Anne-Marie) - Recorded at Spotify Studios NYC,Clean Bandit,Spotify Singles,https://i.scdn.co/image/ab67616d0000b2736f425cfeaabcb6bcc543d315,https://www.youtube.com/watch?v=papuvlVeZg8,Rockabye (feat. Anne-Marie) - Recorded at Spotify Studios NYC by Clean Bandit
the AUDACITY,emlyn,loneliest b!tch in america,https://i.scdn.co/image/ab67616d0000b2737229450c36894b981f2f56a5,https://www.youtube.com/watch?v=GypwKj9Afqo,the AUDACITY by emlyn
you make a woman wanna...,emlyn,loneliest b!tch in america,https://i.scdn.co/image/ab67616d0000b2737229450c36894b981f2f56a5,https://www.youtube.com/watch?v=OLVjZOzBMKQ,you make a woman wanna... by emlyn
temporary funeral,emlyn,loneliest b!tch in america,https://i.scdn.co/image/ab67616d0000b2737229450c36894b981f2f56a5,https://www.youtube.com/watch?v=zo74eQmqTXY,temporary funeral by emlyn
plot line,emlyn,plot line,https://i.scdn.co/image/ab67616d0000b2732e073e1d11daae110e4bb5fb,https://www.youtube.com/watch?v=KRC4SHOsbbc,plot line by emlyn
my best friend's ex,emlyn,my best friend's ex,https://i.scdn.co/image/ab67616d0000b2731f187ed8e50ab58be84e5aee,https://www.youtube.com/watch?v=BJEGBmxAoAE,my best friend's ex by emlyn
B.O.M.B.,emlyn,confessions of a drama queen,https://i.scdn.co/image/ab67616d0000b2738a8721deaad7583127b0fe58,https://www.youtube.com/watch?v=i0vs9xaKdUE,B.O.M.B. by emlyn
rapunzel,emlyn,loneliest b!tch in america,https://i.scdn.co/image/ab67616d0000b2737229450c36894b981f2f56a5,https://www.youtube.com/watch?v=UO8qkmXDf5g,rapunzel by emlyn
Bejeweled,Taylor Swift,Midnights (3am Edition),https://i.scdn.co/image/ab67616d0000b273e0b60c608586d88252b8fbc0,https://www.youtube.com/watch?v=b7QlX3yR2xs,Bejeweled by Taylor Swift
Midnight Rain,Taylor Swift,Midnights (3am Edition),https://i.scdn.co/image/ab67616d0000b273e0b60c608586d88252b8fbc0,https://www.youtube.com/watch?v=Odh9ddPUkEY,Midnight Rain by Taylor Swift
Snow On The Beach (feat. Lana Del Rey),Taylor Swift,Midnights (3am Edition),https://i.scdn.co/image/ab67616d0000b273e0b60c608586d88252b8fbc0,https://www.youtube.com/watch?v=ycE7bUq3-2k,Snow On The Beach (feat. Lana Del Rey) by Taylor Swift
Maroon,Taylor Swift,Midnights (3am Edition),https://i.scdn.co/image/ab67616d0000b273e0b60c608586d88252b8fbc0,https://www.youtube.com/watch?v=lvHZjvIyqsk,Maroon by Taylor Swift
Lavender Haze,Taylor Swift,Midnights (3am Edition),https://i.scdn.co/image/ab67616d0000b273e0b60c608586d88252b8fbc0,https://www.youtube.com/watch?v=mkR_Qwix4Ho,Lavender Haze by Taylor Swift
Unstoppable,Sia,This Is Acting (Deluxe Version),https://i.scdn.co/image/ab67616d0000b273754b2fddebe7039fdb912837,https://www.youtube.com/watch?v=YaEG2aWJnZ8,Unstoppable by Sia
Mistake,Stellar,Mistake,https://i.scdn.co/image/ab67616d0000b273cd528f78bf62b736cb8d8b10,https://www.youtube.com/watch?v=ITqnvNoNJXo,Mistake by Stellar
Ashes,Stellar,Ashes,https://i.scdn.co/image/ab67616d0000b2730db4898026f2f0d478abf0e7,https://www.youtube.com/watch?v=wH3JmLBOnMU,Ashes by Stellar
Beggin',Måneskin,Chosen,https://i.scdn.co/image/ab67616d0000b273fa0ab3a28b5c52d8a5f97045,https://www.youtube.com/watch?v=id6l1nMqpvc,Beggin' by Måneskin
I WANNA BE YOUR SLAVE,Måneskin,Teatro d'ira - Vol. I,https://i.scdn.co/image/ab67616d0000b2735aa05015cfa7bd2943c29b21,https://www.youtube.com/watch?v=yOb9Xaug35M,I WANNA BE YOUR SLAVE by Måneskin
One Kiss (with Dua Lipa),Calvin Harris,One Kiss (with Dua Lipa),https://i.scdn.co/image/ab67616d0000b273d09f96d82310d4d77c14c108,https://www.youtube.com/watch?v=DkeiKbqa02g,One Kiss (with Dua Lipa) by Calvin Harris
Bite Me,Avril Lavigne,Love Sux,https://i.scdn.co/image/ab67616d0000b273dcb20af72a164e4b265cf89b,https://www.youtube.com/watch?v=ciqUEV9F0OY,Bite Me by Avril Lavigne
Love Sux – Spotify Singles,Avril Lavigne,Spotify Singles,https://i.scdn.co/image/ab67616d0000b273dee7448eabc9cc917158d471,https://www.youtube.com/watch?v=jtdoS9Rb-Yg,Love Sux – Spotify Singles by Avril Lavigne
girl’s girl - Spotify Singles,emlyn,girl’s girl - Spotify Singles,https://i.scdn.co/image/ab67616d0000b2731888ae343895c22f9c04ab37,https://www.youtube.com/watch?v=F7Tcwi2_DW8,girl’s girl - Spotify Singles by emlyn
Karma,Taylor Swift,Midnights,https://i.scdn.co/image/ab67616d0000b273bb54dde68cd23e2a268ae0f5,https://www.youtube.com/watch?v=rg18Kf4en2o,Karma by Taylor Swift
Question...?,Taylor Swift,Midnights,https://i.scdn.co/image/ab67616d0000b273bb54dde68cd23e2a268ae0f5,https://www.youtube.com/watch?v=xxrf_QBD5DE,Question...? by Taylor Swift
Lavender Haze,Taylor Swift,Midnights,https://i.scdn.co/image/ab67616d0000b273bb54dde68cd23e2a268ae0f5,https://www.youtube.com/watch?v=mkR_Qwix4Ho,Lavender Haze by Taylor Swift
Midnight Rain,Taylor Swift,Midnights,https://i.scdn.co/image/ab67616d0000b273bb54dde68cd23e2a268ae0f5,https://www.youtube.com/watch?v=Odh9ddPUkEY,Midnight Rain by Taylor Swift
Anti-Hero,Taylor Swift,Midnights,https://i.scdn.co/image/ab67616d0000b273bb54dde68cd23e2a268ae0f5,https://www.youtube.com/watch?v=b1kbLwvqugk,Anti-Hero by Taylor Swift
Vigilante Shit,Taylor Swift,Midnights,https://i.scdn.co/image/ab67616d0000b273bb54dde68cd23e2a268ae0f5,https://www.youtube.com/watch?v=Uoey4W_3bos,Vigilante Shit by Taylor Swift
Exist,MOB CHOIR,1,https://i.scdn.co/image/ab67616d0000b273fa258c01a71b49856db475dc,https://www.youtube.com/watch?v=UvnI1Sk5w2w,Exist by MOB CHOIR
1,MOB CHOIR,1,https://i.scdn.co/image/ab67616d0000b273fa258c01a71b49856db475dc,https://www.youtube.com/watch?v=xRIOnDruOZM,1 by MOB CHOIR
KICK BACK,Kenshi Yonezu,KICK BACK,https://i.scdn.co/image/ab67616d0000b273303d8545fce8302841c39859,https://www.youtube.com/watch?v=M2cckDmNLMI,KICK BACK by Kenshi Yonezu
Nightmare,Halsey,Nightmare,https://i.scdn.co/image/ab67616d0000b2730db100d30d1ef9a91aefeabf,https://www.youtube.com/watch?v=Q_dqfcvTZik,Nightmare by Halsey
Don’t Blame Me,Taylor Swift,reputation,https://i.scdn.co/image/ab67616d0000b273da5d5aeeabacacc1263c0f4b,https://www.youtube.com/watch?v=kRJKB291Z1g,Don’t Blame Me by Taylor Swift
Crown,Rustage,Crown,https://i.scdn.co/image/ab67616d0000b2730d9fa163d0d59b1c90123e4c,https://www.youtube.com/watch?v=Y0dWfzl6EZQ,Crown by Rustage
The Hero / One-Punch Man - Japanese,Rob Lundgren,"Covers the World, Vol. 3",https://i.scdn.co/image/ab67616d0000b2734904d32fa5bde6870f80ae93,https://www.youtube.com/watch?v=pmvMRss4m7E,The Hero / One-Punch Man - Japanese by Rob Lundgren
Burst The Gravity,Altima,Burst The Gravity,https://i.scdn.co/image/ab67616d0000b273db2dcd9fc647dbcbc4bf99af,https://www.youtube.com/watch?v=Qn8dJA3WM3M,Burst The Gravity by Altima
Fight 4 Real,Altima,Fight 4 Real,https://i.scdn.co/image/ab67616d0000b27356308c2f3c67e3fb8b9e10fc,https://www.youtube.com/watch?v=bk6GlYshgmw,Fight 4 Real by Altima
Immortals,Fall Out Boy,American Beauty/American Psycho,https://i.scdn.co/image/ab67616d0000b2733cf1c1dbcfa3f1ab7282719b,https://www.youtube.com/watch?v=l9PxOanFjxQ,Immortals by Fall Out Boy
Who Do You Love,The Chainsmokers,World War Joy,https://i.scdn.co/image/ab67616d0000b2735e90ff76fd49a23f7333de76,https://www.youtube.com/watch?v=U0V1y2p1sgs,Who Do You Love by The Chainsmokers
Teeth,5 Seconds of Summer,13 Reasons Why (Season 3),https://i.scdn.co/image/ab67616d0000b27325a1320532b730a8d42a9915,https://www.youtube.com/watch?v=JWeJHN5P-E8,Teeth by 5 Seconds of Summer
Selfish,RIELL,Selfish,https://i.scdn.co/image/ab67616d0000b273986f244ba95b6ae982ba41e3,https://www.youtube.com/watch?v=W0FfOC23_sE,Selfish by RIELL
Go Cry Go,Romix,Go Cry Go,https://i.scdn.co/image/ab67616d0000b273f7b6559c489718295a47de7f,https://www.youtube.com/watch?v=7f0JVbWzepM,Go Cry Go by Romix
Take Over,League of Legends,Take Over,https://i.scdn.co/image/ab67616d0000b273502d648ada3474ab82c18f1d,https://www.youtube.com/watch?v=KbNL9ZyB49c,Take Over by League of Legends
STRIKE THE BLOOD,KISIDA KYODAN & THE AKEBOSI ROCKETS,STRIKE THE BLOOD,https://i.scdn.co/image/ab67616d0000b273c21ae9a91a546e106b39b77f,https://www.youtube.com/watch?v=4L8CmEuCiAI,STRIKE THE BLOOD by KISIDA KYODAN & THE AKEBOSI ROCKETS
End It,RIELL,End It,https://i.scdn.co/image/ab67616d0000b273531cd18844e8759dde13bed0,https://www.youtube.com/watch?v=YCKfg6kHKTg,End It by RIELL
Gasoline,Halsey,BADLANDS (Deluxe),https://i.scdn.co/image/ab67616d0000b27374fefed78db6d6cf4d963fdc,https://www.youtube.com/watch?v=zRHNi3QfFlE,Gasoline by Halsey
セルフロンティア,ASCA,百歌繚乱,https://i.scdn.co/image/ab67616d0000b273ffae792c628ae7b7ee281121,https://www.youtube.com/watch?v=JE9RhGz2CDQ,セルフロンティア by ASCA
RiGHT NOW,EMPiRE,the GREAT JOURNEY ALBUM,https://i.scdn.co/image/ab67616d0000b273788c825b08428fc620189152,https://www.youtube.com/watch?v=SD0LHSjpBNQ,RiGHT NOW by EMPiRE
BLESS YoUr NAME,ChouCho,ChouCho ColleCtion ”bouquet”,https://i.scdn.co/image/ab67616d0000b273be7f35722a2ed1b2108e9b01,https://www.youtube.com/watch?v=XZwtQL9egCQ,BLESS YoUr NAME by ChouCho
Queen,Loren Gray,Queen,https://i.scdn.co/image/ab67616d0000b273b1f28bbbca75aecc31bdd306,https://www.youtube.com/watch?v=heWXn4S6ElM,Queen by Loren Gray
High for Me (feat. Kid Ink),Olivia Noelle,High for Me (feat. Kid Ink),https://i.scdn.co/image/ab67616d0000b27346571d89e185f2e74a74df92,https://www.youtube.com/watch?v=S1c6eOZZbxE,High for Me (feat. Kid Ink) by Olivia Noelle
"The Edge of Dawn (from ""Fire Emblem: Three Houses"")",AmaLee,"Total Coverage, Vol. 6",https://i.scdn.co/image/ab67616d0000b2736b5dfec2a5049cfec31a83be,https://www.youtube.com/watch?v=F6dUs3sSWYU,"The Edge of Dawn (from ""Fire Emblem: Three Houses"") by AmaLee"
Gospel of the Throttle,Dima Lancaster,Gospel of the Throttle,https://i.scdn.co/image/ab67616d0000b27300b02486d14d96be61532a69,https://www.youtube.com/watch?v=HoCv7FKiPbM,Gospel of the Throttle by Dima Lancaster
End Of The Night,Danny Avila,End Of The Night,https://i.scdn.co/image/ab67616d0000b273c27d89fa8abb3990e2b3a29c,https://www.youtube.com/watch?v=GvB3OzTicQo,End Of The Night by Danny Avila
Awakened,LEC,Awakened,https://i.scdn.co/image/ab67616d0000b2738a3a0c7c86e4f85c20628aa5,https://www.youtube.com/watch?v=e1J1U4bk2sw,Awakened by LEC
Legends Never Die - (Remix),League of Legends,Legends Never Die (Remix),https://i.scdn.co/image/ab67616d0000b2731578debc0e6bb047dd20a02b,https://www.youtube.com/watch?v=eEKfWVvADiQ,Legends Never Die - (Remix) by League of Legends
Playground (from the series Arcane League of Legends),Bea Miller,Playground (from the series Arcane League of Legends),https://i.scdn.co/image/ab67616d0000b27342a8ac055d1b28af6e12d2ff,https://www.youtube.com/watch?v=3jfI-z__GY0,Playground (from the series Arcane League of Legends) by Bea Miller
Warriors,League of Legends,Warriors,https://i.scdn.co/image/ab67616d0000b273f8fa082806184fcb032d8e0a,https://www.youtube.com/watch?v=aR-KAldshAE,Warriors by League of Legends
Get Jinxed,League of Legends,The Music of League of Legends Vol. 1,https://i.scdn.co/image/ab67616d0000b273e79c051bb5ccb3934b4ca42b,https://www.youtube.com/watch?v=0nlJuwO0GDs,Get Jinxed by League of Legends
GIANTS,True Damage,GIANTS,https://i.scdn.co/image/ab67616d0000b2731fc75f57743e314747fdf5b0,https://www.youtube.com/watch?v=sVZpHFXcFJw,GIANTS by True Damage
Phoenix,League of Legends,Phoenix,https://i.scdn.co/image/ab67616d0000b273a91543c0ec0301cca07792dc,https://www.youtube.com/watch?v=i1IKnWDecwA,Phoenix by League of Legends
THE BADDEST,K/DA,THE BADDEST,https://i.scdn.co/image/ab67616d0000b2737158ec602fe6e8165cae6091,https://www.youtube.com/watch?v=RkID8_gnTxw,THE BADDEST by K/DA
RISE,League of Legends,RISE,https://i.scdn.co/image/ab67616d0000b273304ae5169ad8e53e261b93f2,https://www.youtube.com/watch?v=fB8TyLTD7EE,RISE by League of Legends
POP/STARS,K/DA,POP/STARS,https://i.scdn.co/image/ab67616d0000b273d1241debb8543af8322a7d6a,https://www.youtube.com/watch?v=UOxkGD8qRB4,POP/STARS by K/DA
No Way,JRL,No Way,https://i.scdn.co/image/ab67616d0000b273d7c3ba58f25b4a90d4325f6a,https://www.youtube.com/watch?v=sJcHOgZ4zhk,No Way by JRL
gravityWall,SawanoHiroyuki[nZk],2V-Alk,https://i.scdn.co/image/ab67616d0000b273fd8926068a7653ec35908f19,https://www.youtube.com/watch?v=XuZGlkYCftA,gravityWall by SawanoHiroyuki[nZk]
Go Cry Go (Overlord) [feat. Romi],Mattyyym,Go Cry Go (Overlord) [feat. Romi],https://i.scdn.co/image/ab67616d0000b273dda7e4437597d923597fa404,https://www.youtube.com/watch?v=mQ9mWgb2GwQ,Go Cry Go (Overlord) [feat. Romi] by Mattyyym
The River,Axel Johansson,The River,https://i.scdn.co/image/ab67616d0000b273f9ca285762f57fb7366d1f45,https://www.youtube.com/watch?v=6Ai0XF9isk4,The River by Axel Johansson
Burn It All Down,League of Legends,Burn It All Down,https://i.scdn.co/image/ab67616d0000b27362b4ad8a3803bfb2f2d28f41,https://www.youtube.com/watch?v=1Z6CHioIn3s,Burn It All Down by League of Legends
ASH,LiSA,ASH,https://i.scdn.co/image/ab67616d0000b273d6ed085c6d5b657c8193f6b2,https://www.youtube.com/watch?v=nv9lr6pOeOQ,ASH by LiSA
Battlefield,Jordin Sparks,Battlefield,https://i.scdn.co/image/ab67616d0000b273871e96e53bac144057add8db,https://www.youtube.com/watch?v=suPlYwJ3YvM,Battlefield by Jordin Sparks
Boy,Reol,THE SIXTH SENSE,https://i.scdn.co/image/ab67616d0000b273023644d6f9d334443e4070c9,https://www.youtube.com/watch?v=O4oixjzvrZk,Boy by Reol
Drag Me Down,One Direction,Made In The A.M. (Deluxe Edition),https://i.scdn.co/image/ab67616d0000b273241e4fe75732c9c4b49b94c3,https://www.youtube.com/watch?v=Jwgf3wmiA04,Drag Me Down by One Direction
NAMELY,UVERworld,30,https://i.scdn.co/image/ab67616d0000b2730fcd27406932d141425ed581,https://www.youtube.com/watch?v=4fhu65U5qU8,NAMELY by UVERworld
Can You Sleep At Night,Dima Lancaster,Can You Sleep At Night,https://i.scdn.co/image/ab67616d0000b273176c4ec6c3f1fbf85734118e,https://www.youtube.com/watch?v=odHzEr83q2Q,Can You Sleep At Night by Dima Lancaster
Crossed The Line,Vosai,Crossed The Line,https://i.scdn.co/image/ab67616d0000b273d8668eb8770a4154f49e7a2e,https://www.youtube.com/watch?v=lS0_Ah5ruYA,Crossed The Line by Vosai
I'm A Monster,Lucha,I'm A Monster,https://i.scdn.co/image/ab67616d0000b273c587955484d9127796d0516b,https://www.youtube.com/watch?v=3kZqlOpDeVc,I'm A Monster by Lucha
VILLAIN,K/DA,ALL OUT,https://i.scdn.co/image/ab67616d0000b273f2bf9685109a09bdc176fb43,https://www.youtube.com/watch?v=xoWxv2yZXLQ,VILLAIN by K/DA
Come & Go (with Marshmello),Juice WRLD,Legends Never Die,https://i.scdn.co/image/ab67616d0000b2733e0698e4ae5ffb82a005aeeb,https://www.youtube.com/watch?v=Dxm3cHrKcbA,Come & Go (with Marshmello) by Juice WRLD
99.9,MOB CHOIR,99.9,https://i.scdn.co/image/ab67616d0000b2735c14224257fe52a53ed23337,https://www.youtube.com/watch?v=GiwpMw_Up_Y,99.9 by MOB CHOIR
Radioactive Mother (Lover),Smash Into Pieces,Radioactive Mother (Lover),https://i.scdn.co/image/ab67616d0000b2737eeeefdc3706e725cd7583ce,https://www.youtube.com/watch?v=1mbn96-sses,Radioactive Mother (Lover) by Smash Into Pieces
Real One,Smash Into Pieces,A New Horizon,https://i.scdn.co/image/ab67616d0000b273119db6e538822a6b39386db0,https://www.youtube.com/watch?v=p26M-fNXjXc,Real One by Smash Into Pieces
Vanguard,Smash Into Pieces,Vanguard,https://i.scdn.co/image/ab67616d0000b273a3365955049929c5f61270a4,https://www.youtube.com/watch?v=gXcjnQiNpuE,Vanguard by Smash Into Pieces
逆境スペクトル,ASCA,君が見た夢の物語,https://i.scdn.co/image/ab67616d0000b27389ff51dca67e02b919c0da62,https://www.youtube.com/watch?v=kv4UK5UKkjo,逆境スペクトル by ASCA
Throne,Smash Into Pieces,Throne,https://i.scdn.co/image/ab67616d0000b27302d45ed91e80f93a6aa4b118,https://www.youtube.com/watch?v=nQpySdJnr6I,Throne by Smash Into Pieces
Soul salvation,Megumi Hayashibara,Soul salvation,https://i.scdn.co/image/ab67616d0000b273d6c4d6726a95f56cf7665696,https://www.youtube.com/watch?v=Y0z_2C2LFfE,Soul salvation by Megumi Hayashibara
Stronger,Smash Into Pieces,The Apocalypse DJ,https://i.scdn.co/image/ab67616d0000b273a64188552a56664b1f39c236,https://www.youtube.com/watch?v=5n6RoXsrQ84,Stronger by Smash Into Pieces
Boomerang,Smash Into Pieces,Boomerang,https://i.scdn.co/image/ab67616d0000b273ba800cf7b59fd974c09cb777,https://www.youtube.com/watch?v=iUyHv3iKBYA,Boomerang by Smash Into Pieces
My Life Is Going On (Música Original De La Serie De TV La Casa De Papel / Money Heist),Cecilia Krull,My Life Is Going On (Música Original De La Serie De TV La Casa De Papel / Money Heist),https://i.scdn.co/image/ab67616d0000b2733e3a37a2c68382b4cabe981b,https://www.youtube.com/watch?v=ehZFyxRbyd0,My Life Is Going On (Música Original De La Serie De TV La Casa De Papel / Money Heist) by Cecilia Krull
Royalty,Egzod,Royalty,https://i.scdn.co/image/ab67616d0000b27375f8e991774621da2bf53a14,https://www.youtube.com/watch?v=C5fLxtJH2Qs,Royalty by Egzod
No Rival,Egzod,No Rival,https://i.scdn.co/image/ab67616d0000b273dfad815fbe7ae1d6cd433136,https://www.youtube.com/watch?v=KbC5_JEhqL8,No Rival by Egzod
BOO HOO,Neoni,BOO HOO,https://i.scdn.co/image/ab67616d0000b273a1947f323c1b627d7874e2fa,https://www.youtube.com/watch?v=8zx6E0XvZiE,BOO HOO by Neoni
Leave Me Alone,NF,The Search,https://i.scdn.co/image/ab67616d0000b273942a0c9ac8f1def7c8805044,https://www.youtube.com/watch?v=XGGWhOUYObc,Leave Me Alone by NF
Echo,THE BOYZ,"Echo [From ""Solo Leveling"" (Original Soundtrack)]",https://i.scdn.co/image/ab67616d0000b2735f029954e54f7cf7312857e2,https://www.youtube.com/watch?v=6UqISByUUP8,Echo by THE BOYZ
Broken Sky,富田美憂,Prologue,https://i.scdn.co/image/ab67616d0000b273920ac2515a41f6c6529f6cd9,https://www.youtube.com/watch?v=DXL7xIqytMU,Broken Sky by 富田美憂
OveR,富田美憂,OveR,https://i.scdn.co/image/ab67616d0000b2730d0a17bf8313a1d528ff09b9,https://www.youtube.com/watch?v=_eofMwUdn7U,OveR by 富田美憂
Eastside (with Halsey & Khalid),benny blanco,FRIENDS KEEP SECRETS,https://i.scdn.co/image/ab67616d0000b273693dbf001d5b2d06ad9e5f4d,https://www.youtube.com/watch?v=56WBK4ZK_cw,Eastside (with Halsey & Khalid) by benny blanco
Be Kind (with Halsey),Marshmello,Be Kind (with Halsey),https://i.scdn.co/image/ab67616d0000b273fdf2e993e10e67396b3bf759,https://www.youtube.com/watch?v=ePao0cTGG-o,Be Kind (with Halsey) by Marshmello
Closer,The Chainsmokers,Closer,https://i.scdn.co/image/ab67616d0000b273495ce6da9aeb159e94eaa453,https://www.youtube.com/watch?v=PT2_F-1esPk,Closer by The Chainsmokers
Without Me,Halsey,Manic,https://i.scdn.co/image/ab67616d0000b2737636e1c9e67eaafc9f49aefd,https://www.youtube.com/watch?v=ZAfAud_M_mg,Without Me by Halsey
A Whole New World,Mena Massoud,Aladdin (Original Motion Picture Soundtrack),https://i.scdn.co/image/ab67616d0000b2739986d69836eac008a927b032,https://www.youtube.com/watch?v=eitDnP0_83k,A Whole New World by Mena Massoud
Keep It Under,Damien Dawn,Keep It Under,https://i.scdn.co/image/ab67616d0000b27388e9f735afcafb819510a092,https://www.youtube.com/watch?v=JlrWQl9kvVE,Keep It Under by Damien Dawn
Cry Baby (Tokyo Revengers),Miura Jam,Cry Baby (Tokyo Revengers),https://i.scdn.co/image/ab67616d0000b2736039f98e131a8908a0fb1f01,https://www.youtube.com/watch?v=HvQS9piteak,Cry Baby (Tokyo Revengers) by Miura Jam
スカイクラッドの観測者,いとうかなこ,ChaosAttractor,https://i.scdn.co/image/ab67616d0000b27381f0671d77f562cfae3e40c5,https://www.youtube.com/watch?v=k2LDC0sTsEQ,スカイクラッドの観測者 by いとうかなこ
Work from Home (feat. Ty Dolla $ign),Fifth Harmony,7/27 (Deluxe),https://i.scdn.co/image/ab67616d0000b273d03fa6f4e758282b7920b5c8,https://www.youtube.com/watch?v=5GL9JoH4Sws,Work from Home (feat. Ty Dolla $ign) by Fifth Harmony
"Xian - Vocal (From ""the Daily Life of the Immortal King"")",Homura Records,"Xian - Vocal (From ""the Daily Life of the Immortal King"")",https://i.scdn.co/image/ab67616d0000b273858069466cd6b1f4ceed1fd5,https://www.youtube.com/watch?v=vTi7ULXrIfw,"Xian - Vocal (From ""the Daily Life of the Immortal King"") by Homura Records"
BLIZZARD (Outr3ach Remix) - SACRA BEATS Singles,BURNOUT SYNDROMES,BLIZZARD (Outr3ach Remix) - SACRA BEATS Singles,https://i.scdn.co/image/ab67616d0000b2734f8bec76b8b40d2781b41e92,https://www.youtube.com/watch?v=sAuflI0GEKk,BLIZZARD (Outr3ach Remix) - SACRA BEATS Singles by BURNOUT SYNDROMES
Easier – Remix (with Charlie Puth),5 Seconds of Summer,Easier – Remix (with Charlie Puth),https://i.scdn.co/image/ab67616d0000b27376825cf85397c0dbd32c6c34,https://www.youtube.com/watch?v=-Ug32yo4Ac0,Easier – Remix (with Charlie Puth) by 5 Seconds of Summer
朝が来る,Aimer,朝が来る,https://i.scdn.co/image/ab67616d0000b273f37d146c0abd3464940eb21e,https://www.youtube.com/watch?v=QORbTrXHpsA,朝が来る by Aimer
Sucker,Jonas Brothers,Happiness Begins,https://i.scdn.co/image/ab67616d0000b273de1a3a5eaa0c75bb18e7b597,https://www.youtube.com/watch?v=CnAmeh0-E-U,Sucker by Jonas Brothers
Wicked feat. Mori Calliope,Hoshimachi Suisei,TEMPLATE/Wicked feat. Mori Calliope,https://i.scdn.co/image/ab67616d0000b2733ec18cbf0bc4fa2aacc4a144,https://www.youtube.com/watch?v=88QKF3yuiyI,Wicked feat. Mori Calliope by Hoshimachi Suisei
CapSule,Mori Calliope,CapSule,https://i.scdn.co/image/ab67616d0000b27303e6273af3cc82b42c40540b,https://www.youtube.com/watch?v=M85xU-tbQ6c,CapSule by Mori Calliope
Red,Mori Calliope,Your Mori.,https://i.scdn.co/image/ab67616d0000b273bfa10b02c2e327512715b08b,https://www.youtube.com/watch?v=-AuQZrUHjhg,Red by Mori Calliope
失礼しますが、RIP♡,Mori Calliope,DEAD BEATS,https://i.scdn.co/image/ab67616d0000b273e9114a67fa86d825dac50d8c,https://www.youtube.com/watch?v=5y3xh8gs24c,失礼しますが、RIP♡ by Mori Calliope
MERA MERA,Mori Calliope,MERA MERA,https://i.scdn.co/image/ab67616d0000b27320c75e3fe3dd00e1b1ba8129,https://www.youtube.com/watch?v=DOzpsXZS-j0,MERA MERA by Mori Calliope
Villain Vibes (feat. Mori Calliope),AmaLee,Rise of the Monarch,https://i.scdn.co/image/ab67616d0000b273cda5ff15165f9f7af3d9a5e3,https://www.youtube.com/watch?v=kFaie-Tp1Jw,Villain Vibes (feat. Mori Calliope) by AmaLee
Call Me King,AmaLee,Rise of the Monarch,https://i.scdn.co/image/ab67616d0000b273cda5ff15165f9f7af3d9a5e3,https://www.youtube.com/watch?v=UjMvmCIy5Wg,Call Me King by AmaLee
MWTWB,AmaLee,Rise of the Monarch,https://i.scdn.co/image/ab67616d0000b273cda5ff15165f9f7af3d9a5e3,https://www.youtube.com/watch?v=WaQBttoSl5U,MWTWB by AmaLee
Monster U Made,AmaLee,Rise of the Monarch,https://i.scdn.co/image/ab67616d0000b273cda5ff15165f9f7af3d9a5e3,https://www.youtube.com/watch?v=WR_nSTspkSo,Monster U Made by AmaLee
Metamorphosis,AmaLee,Rise of the Monarch,https://i.scdn.co/image/ab67616d0000b273cda5ff15165f9f7af3d9a5e3,https://www.youtube.com/watch?v=9JK30m32Dvg,Metamorphosis by AmaLee
From The Embers,AmaLee,Rise of the Monarch,https://i.scdn.co/image/ab67616d0000b273cda5ff15165f9f7af3d9a5e3,https://www.youtube.com/watch?v=y3TdeNWwniQ,From The Embers by AmaLee
Die For a Man (feat. Lil Uzi Vert),Bebe Rexha,Die For a Man (feat. Lil Uzi Vert),https://i.scdn.co/image/ab67616d0000b273ffc59c9106b0fef7f9ddbb8f,https://www.youtube.com/watch?v=zrPh3SVxDYk,Die For a Man (feat. Lil Uzi Vert) by Bebe Rexha
Last Hurrah,Bebe Rexha,Last Hurrah,https://i.scdn.co/image/ab67616d0000b273967032732fbe7de24b4a463e,https://www.youtube.com/watch?v=fTNnwzXrVdg,Last Hurrah by Bebe Rexha
Grace,Bebe Rexha,Expectations,https://i.scdn.co/image/ab67616d0000b27361fe6d3a50c0beaa3cfe33e9,https://www.youtube.com/watch?v=EYamQRLJodA,Grace by Bebe Rexha
F.F.F. (feat. G-Eazy),Bebe Rexha,All Your Fault: Pt. 1,https://i.scdn.co/image/ab67616d0000b27366ae1fd71a3e5779e98e277a,https://www.youtube.com/watch?v=jz1Ga7GG0Uk,F.F.F. (feat. G-Eazy) by Bebe Rexha
Girl in the Mirror,Bebe Rexha,UglyDolls (Original Motion Picture Soundtrack),https://i.scdn.co/image/ab67616d0000b2738fcb9839ce121f945e67d07d,https://www.youtube.com/watch?v=Z8JbwgGIeTY,Girl in the Mirror by Bebe Rexha
I Can't Stop Drinking About You,Bebe Rexha,I Can't Stop Drinking About You,https://i.scdn.co/image/ab67616d0000b273b83228d18652bcda9541c781,https://www.youtube.com/watch?v=EeBYIElpEPo,I Can't Stop Drinking About You by Bebe Rexha
I'm Gonna Show You Crazy,Bebe Rexha,I'm Gonna Show You Crazy,https://i.scdn.co/image/ab67616d0000b273f1074dfe291fab84f2a22d92,https://www.youtube.com/watch?v=kEDZZin4_eM,I'm Gonna Show You Crazy by Bebe Rexha
Say My Name,David Guetta,7,https://i.scdn.co/image/ab67616d0000b27367e400c9be79e6b0b0086880,https://www.youtube.com/watch?v=ft4jcPSLJfY,Say My Name by David Guetta
"Let It Go - From ""Frozen""/Soundtrack Version",Idina Menzel,Frozen (Original Motion Picture Soundtrack / Deluxe Edition),https://i.scdn.co/image/ab67616d0000b2734b1899123e484c034e31164e,https://www.youtube.com/watch?v=moSFlvxnbgk,"Let It Go - From ""Frozen""/Soundtrack Version by Idina Menzel"
Tie Me Down (with Elley Duhé),Gryffin,Gravity,https://i.scdn.co/image/ab67616d0000b2730e5311993a01fb2e7169f6a7,https://www.youtube.com/watch?v=WAJbZjBErjU,Tie Me Down (with Elley Duhé) by Gryffin
Happy Now,Zedd,Happy Now,https://i.scdn.co/image/ab67616d0000b27341e9614560815b11c1ca543d,https://www.youtube.com/watch?v=KfXvjxbRhZk,Happy Now by Zedd
MIDDLE OF THE NIGHT,Elley Duhé,MIDDLE OF THE NIGHT,https://i.scdn.co/image/ab67616d0000b27353a2e11c1bde700722fecd2e,https://www.youtube.com/watch?v=oSHzUD-uqKY,MIDDLE OF THE NIGHT by Elley Duhé
de messiah,Nao Toyama,Anohino Kotoba / Growing,https://i.scdn.co/image/ab67616d0000b273b768d47753746aa096616b32,https://www.youtube.com/watch?v=1U7DZ_p-1ok,de messiah by Nao Toyama
World I Never Knew,Fabvl,World I Never Knew,https://i.scdn.co/image/ab67616d0000b27373d753cb8e5ce5bf2e50ee56,https://www.youtube.com/watch?v=7jZGu8QdWYY,World I Never Knew by Fabvl
Sing My Pleasure,ヴィヴィ(Vo.八木海莉),Sing My Pleasure,https://i.scdn.co/image/ab67616d0000b27330353054c4cdfe757f66997b,https://www.youtube.com/watch?v=JqN4_mufE2U,Sing My Pleasure by ヴィヴィ(Vo.八木海莉)
Resolution,Haruka Tomatsu,Resolution,https://i.scdn.co/image/ab67616d0000b273474f9bf475c58a854f5aba57,https://www.youtube.com/watch?v=Q3RTToLuTO4,Resolution by Haruka Tomatsu
Señorita,Shawn Mendes,Shawn Mendes (Deluxe),https://i.scdn.co/image/ab67616d0000b273c820f033bd82bef4355d1563,https://www.youtube.com/watch?v=Pkh8UtuejGw,Señorita by Shawn Mendes
ピースサイン,Kenshi Yonezu,Peace Sign - EP,https://i.scdn.co/image/ab67616d0000b27394c728fad78f58f37b3a9390,https://www.youtube.com/watch?v=9aJVr5tTTWk,ピースサイン by Kenshi Yonezu
"Thought I Knew ft. ra’z, Hayes",YVY,"Thought I Knew ft. ra’z, Hayes",https://i.scdn.co/image/ab67616d0000b273aab5978c14522b774bf6d971,https://www.youtube.com/watch?v=UuN3cMrRftU,"Thought I Knew ft. ra’z, Hayes by YVY"
炎,LiSA,炎,https://i.scdn.co/image/ab67616d0000b273e0dc47dd1584c66ad4492094,https://www.youtube.com/watch?v=4DxL6IKmXx4,炎 by LiSA
Move Mountains,アンジェラ (Vo. Alisa),Move Mountains,https://i.scdn.co/image/ab67616d0000b273bb238dbefa8e7cc5c2d2a251,https://www.youtube.com/watch?v=GUt3UboSUd4,Move Mountains by アンジェラ (Vo. Alisa)
Eden through the rough,Takanori Nishikawa,Eden through the rough,https://i.scdn.co/image/ab67616d0000b273c6c44724847ecd5a9ba912df,https://www.youtube.com/watch?v=oCbRl9uBiFQ,Eden through the rough by Takanori Nishikawa
Face Off,Tech N9ne,ASIN9NE,https://i.scdn.co/image/ab67616d0000b2735ee0a1dafbbf6d8d430821a3,https://www.youtube.com/watch?v=E9T78bT26sk,Face Off by Tech N9ne
Sober,G-Eazy,The Beautiful & Damned,https://i.scdn.co/image/ab67616d0000b273046527a9c176f7c2916f3530,https://www.youtube.com/watch?v=8OARiNiJ_w8,Sober by G-Eazy
Him & I (with Halsey),G-Eazy,The Beautiful & Damned,https://i.scdn.co/image/ab67616d0000b273046527a9c176f7c2916f3530,https://www.youtube.com/watch?v=SA7AIQw-7Ms,Him & I (with Halsey) by G-Eazy
"Me, Myself & I",G-Eazy,When It's Dark Out,https://i.scdn.co/image/ab67616d0000b27398acfa8c055deedc25e6081d,https://www.youtube.com/watch?v=bSfpSOBD30U,"Me, Myself & I by G-Eazy"
Unstoppable,Sia,This Is Acting,https://i.scdn.co/image/ab67616d0000b27349e0134c686547c28b7c999f,https://www.youtube.com/watch?v=YaEG2aWJnZ8,Unstoppable by Sia
"Sit Still, Look Pretty",Daya,"Sit Still, Look Pretty",https://i.scdn.co/image/ab67616d0000b273b4c2469ec47edbc937a3070a,https://www.youtube.com/watch?v=uPHKkewD1G0,"Sit Still, Look Pretty by Daya"
Liar,Camila Cabello,Liar,https://i.scdn.co/image/ab67616d0000b2732df02f0877da45295a759f4c,https://www.youtube.com/watch?v=KsDZix4ZSlU,Liar by Camila Cabello
psychofreak (feat. WILLOW),Camila Cabello,Familia,https://i.scdn.co/image/ab67616d0000b27317f56db9be0ac58807c82899,https://www.youtube.com/watch?v=KXDjVHgeZ3A,psychofreak (feat. WILLOW) by Camila Cabello
"Enemy (from ""Arcane League of Legends"")",AmaLee,"Enemy (from ""Arcane League of Legends"")",https://i.scdn.co/image/ab67616d0000b27322672e090049f97ab5018dad,https://www.youtube.com/watch?v=zvyxymKjIjA,"Enemy (from ""Arcane League of Legends"") by AmaLee"
Space Bound,Eminem,Recovery,https://i.scdn.co/image/ab67616d0000b273c08d5fa5c0f1a834acef5100,https://www.youtube.com/watch?v=JByDbPn6A1o,Space Bound by Eminem
Wellerman - Sea Shanty,Nathan Evans,Wellerman (Sea Shanty),https://i.scdn.co/image/ab67616d0000b273db24f6590f4ad36048076521,https://www.youtube.com/watch?v=qP-7GNoDJ5c,Wellerman - Sea Shanty by Nathan Evans
Castle,Eminem,Revival,https://i.scdn.co/image/ab67616d0000b273255191ed87a907d362b43f19,https://www.youtube.com/watch?v=gsn36Xynmbk,Castle by Eminem
25 To Life,Eminem,Recovery,https://i.scdn.co/image/ab67616d0000b273c08d5fa5c0f1a834acef5100,https://www.youtube.com/watch?v=Ngng8UyyaGQ,25 To Life by Eminem
"Last One Standing (feat. Polo G, Mozzy & Eminem) - From Venom: Let There Be Carnage",Skylar Grey,"Last One Standing (feat. Polo G, Mozzy & Eminem) [From Venom: Let There Be Carnage]",https://i.scdn.co/image/ab67616d0000b27318b2c39fa740e2822d40d65b,https://www.youtube.com/watch?v=4haurn3S8z8,"Last One Standing (feat. Polo G, Mozzy & Eminem) - From Venom: Let There Be Carnage by Skylar Grey"
I Love U,The Chainsmokers,So Far So Good,https://i.scdn.co/image/ab67616d0000b2734ed727dc12385924bdef0e9f,https://www.youtube.com/watch?v=NmB9Rq1yVmo,I Love U by The Chainsmokers
only my railgun,fripSide,only my railgun,https://i.scdn.co/image/ab67616d0000b27382f99c20b5795a46e3591dc2,https://www.youtube.com/watch?v=ZhIxg6_Femo,only my railgun by fripSide
レイメイ,Sayuri,Dawn,https://i.scdn.co/image/ab67616d0000b2738b6f705c9e406f842010b535,https://www.youtube.com/watch?v=msLkh1fE8Os,レイメイ by Sayuri
Sign,フロウ,MICROCOSM,https://i.scdn.co/image/ab67616d0000b27315cd4b8b30ebe398255fb4bb,https://www.youtube.com/watch?v=qpi9YXaChHI,Sign by フロウ
明け星,LiSA,明け星 / 白銀,https://i.scdn.co/image/ab67616d0000b273a20b0fea45e5ab96a19f6b4f,https://www.youtube.com/watch?v=yGcm81aaTHg,明け星 by LiSA
明け星,LiSA,明け星,https://i.scdn.co/image/ab67616d0000b2737baa66b58b4f43bcd50d294c,https://www.youtube.com/watch?v=yGcm81aaTHg,明け星 by LiSA
The Rumbling,SiM,The Rumbling,https://i.scdn.co/image/ab67616d0000b27397826ce559507344d2ee1e4d,https://www.youtube.com/watch?v=OBqw818mQ1E,The Rumbling by SiM
bad guy,Billie Eilish,"WHEN WE ALL FALL ASLEEP, WHERE DO WE GO?",https://i.scdn.co/image/ab67616d0000b27350a3147b4edd7701a876c6ce,https://www.youtube.com/watch?v=DyDfgMOUjCI,bad guy by Billie Eilish
RESISTER,ASCA,RESISTER (Special Edition),https://i.scdn.co/image/ab67616d0000b273e4995b583e4dc1826aa368e2,https://www.youtube.com/watch?v=C52Ai9iwf7o,RESISTER by ASCA
Grenade,Bruno Mars,Doo-Wops & Hooligans,https://i.scdn.co/image/ab67616d0000b273f60070dce96a2c1b70cf6ff0,https://www.youtube.com/watch?v=SR6iYWJxHqs,Grenade by Bruno Mars
Seven Deadly Sins,Rustage,Seven Deadly Sins,https://i.scdn.co/image/ab67616d0000b27377928c0bf17ca429b98f73cd,https://www.youtube.com/watch?v=MCKA4fAgdKU,Seven Deadly Sins by Rustage
Shonen Jump 2,Rustage,Shonen Jump 2,https://i.scdn.co/image/ab67616d0000b273cca437415380e6a5f0f9f64e,https://www.youtube.com/watch?v=fO3-ckKUHyA,Shonen Jump 2 by Rustage
Thunder (Zenitsu Rap) [feat. Shwabadi],Rustage,Thunder (Zenitsu Rap) [feat. Shwabadi],https://i.scdn.co/image/ab67616d0000b27359a996b72b33e63cab4d12e1,https://www.youtube.com/watch?v=LI6lI6TLIlk,Thunder (Zenitsu Rap) [feat. Shwabadi] by Rustage
Shonen Jump,Rustage,Shonen Jump,https://i.scdn.co/image/ab67616d0000b273f03b21a530bf1f9a20001c48,https://www.youtube.com/watch?v=tbqAb2SwHz4,Shonen Jump by Rustage
Blood (Alucard Rap),Rustage,Blood (Alucard Rap),https://i.scdn.co/image/ab67616d0000b273c0ebac1bf7757bfc5dabf885,https://www.youtube.com/watch?v=RFBDmwFxVr0,Blood (Alucard Rap) by Rustage
残響散歌,Aimer,残響散歌,https://i.scdn.co/image/ab67616d0000b27310179936604a42f16280835e,https://www.youtube.com/watch?v=tLQLa6lM3Us,残響散歌 by Aimer
火炎,QUEEN BEE,火炎(Full Edition),https://i.scdn.co/image/ab67616d0000b273881713138f9d33657e5c0adc,https://www.youtube.com/watch?v=nS32IXrNgfw,火炎 by QUEEN BEE
衝動,Mashiro Ayano,衝動,https://i.scdn.co/image/ab67616d0000b273da53b47d940a32599ba87a8f,https://www.youtube.com/watch?v=PQlF6m60ZmQ,衝動 by Mashiro Ayano
Alive,Mashiro Ayano,Alive,https://i.scdn.co/image/ab67616d0000b273dba76c391da79d5ee027a73f,https://www.youtube.com/watch?v=qx0jpELS3g8,Alive by Mashiro Ayano
chAngE,miwa,guitarissimo,https://i.scdn.co/image/ab67616d0000b273a99c253b2bcd1bb23a1043b5,https://www.youtube.com/watch?v=99zfIoCp3nk,chAngE by miwa
ないない,ReoNa,ないない (Special Edition),https://i.scdn.co/image/ab67616d0000b273a05c891e2be5e77d0263b127,https://www.youtube.com/watch?v=M8LwhRkNaSQ,ないない by ReoNa
アイリス,Eir Aoi,アイリス,https://i.scdn.co/image/ab67616d0000b273a3393bb49df40749acef0bb2,https://www.youtube.com/watch?v=Pn4zz6ZdEU0,アイリス by Eir Aoi
unlasting,LiSA,unlasting,https://i.scdn.co/image/ab67616d0000b2733eb57c972cac12957c8734b4,https://www.youtube.com/watch?v=9Lb-7_DVQew,unlasting by LiSA
Touch off,UVERworld,UNSER,https://i.scdn.co/image/ab67616d0000b273d3beb711b523811c8f29b314,https://www.youtube.com/watch?v=MXxXpm1qG7I,Touch off by UVERworld
ギャンブル,syudou,ギャンブル,https://i.scdn.co/image/ab67616d0000b2732bf1c289af60f444b64cbccd,https://www.youtube.com/watch?v=7GBn6IuTQ6w,ギャンブル by syudou
Black Rover,Vickeblanka,ウララ,https://i.scdn.co/image/ab67616d0000b273ef95548d45685af816b79f92,https://www.youtube.com/watch?v=Y27hMeRCYzA,Black Rover by Vickeblanka
永遠に光れ (Everlasting Shine),TOMORROW X TOGETHER,DRAMA,https://i.scdn.co/image/ab67616d0000b2732469669e3bdf4cfccb6b388d,https://www.youtube.com/watch?v=R6FKujT2Ouk,永遠に光れ (Everlasting Shine) by TOMORROW X TOGETHER
Cry Baby,OFFICIAL HIGE DANDISM,Cry Baby,https://i.scdn.co/image/ab67616d0000b27337c8ac3d4ade98d669867e73,https://www.youtube.com/watch?v=O1bhZgkC4Gw,Cry Baby by OFFICIAL HIGE DANDISM
ブルーバード,Ikimonogakari,超いきものばかり〜てんねん記念メンバーズBESTセレクション〜,https://i.scdn.co/image/ab67616d0000b273b07543dedc2aa2c1e0277341,https://www.youtube.com/watch?v=KpsJWFuVTdI,ブルーバード by Ikimonogakari
"1,000,000 TIMES feat. chelly (EGOIST)",MY FIRST STORY,"1,000,000 TIMES",https://i.scdn.co/image/ab67616d0000b273174f9c75eebcfacb1cfcb0ea,https://www.youtube.com/watch?v=OMrkUUNvM48,"1,000,000 TIMES feat. chelly (EGOIST) by MY FIRST STORY"
graphite/diamond,May'n,graphite/diamond,https://i.scdn.co/image/ab67616d0000b2734d19bb17de7b46830650af92,https://www.youtube.com/watch?v=rdGcU1oojiw,graphite/diamond by May'n
from the edge,FictionJunction,from the edge,https://i.scdn.co/image/ab67616d0000b2738a0235a9667b835acd66b68c,https://www.youtube.com/watch?v=qz9bpL7o9Uo,from the edge by FictionJunction
time,SawanoHiroyuki[nZk],iv,https://i.scdn.co/image/ab67616d0000b27370e7363795cd4644087bd510,https://www.youtube.com/watch?v=CDMnKbsyLMM,time by SawanoHiroyuki[nZk]
ADAMAS,LiSA,Akai Wana (Who Loves It?) / ADAMAS,https://i.scdn.co/image/ab67616d0000b2732a5f05d1e8f584d021b59ee2,https://www.youtube.com/watch?v=5-aazdelI5c,ADAMAS by LiSA
TVアニメ「デジモンアドベンチャー:」挿入歌 Break the chain,Takayoshi Tanimoto,TVアニメ「デジモンアドベンチャー:」挿入歌 Break the chain,https://i.scdn.co/image/ab67616d0000b27346258649f2e6041780a57393,https://www.youtube.com/watch?v=TJ15VZgBEUQ,TVアニメ「デジモンアドベンチャー:」挿入歌 Break the chain by Takayoshi Tanimoto
流星,Eir Aoi,流星 / 約束,https://i.scdn.co/image/ab67616d0000b273a4630d7274e1c1b561d743fb,https://www.youtube.com/watch?v=sdmZOvuSBMY,流星 by Eir Aoi
See You Again (feat. Charlie Puth),Wiz Khalifa,See You Again (feat. Charlie Puth),https://i.scdn.co/image/ab67616d0000b2734e5df11b17b2727da2b718d8,https://www.youtube.com/watch?v=RgKAFK5djSk,See You Again (feat. Charlie Puth) by Wiz Khalifa
Counting Stars,OneRepublic,Native,https://i.scdn.co/image/ab67616d0000b2739e2f95ae77cf436017ada9cb,https://www.youtube.com/watch?v=hT_nvWreIhg,Counting Stars by OneRepublic
Let Me Love You,DJ Snake,Encore,https://i.scdn.co/image/ab67616d0000b273212d776c31027c511f0ee3bc,https://www.youtube.com/watch?v=euCqAq6BRa4,Let Me Love You by DJ Snake
S&M,Rihanna,Loud,https://i.scdn.co/image/ab67616d0000b2732ed326786e4c61c6b1dbf222,https://www.youtube.com/watch?v=KdS6HFQ_LUc,S&M by Rihanna
Heathens,Twenty One Pilots,Heathens,https://i.scdn.co/image/ab67616d0000b2732ca3ba8f334ca5a5f0312efb,https://www.youtube.com/watch?v=UprcpdwuwCg,Heathens by Twenty One Pilots
fake love don't last (feat. iann dior),Machine Gun Kelly,mainstream sellout,https://i.scdn.co/image/ab67616d0000b273b4683d9ac3c5f14a71523c84,https://www.youtube.com/watch?v=Dt6eJAWorX8,fake love don't last (feat. iann dior) by Machine Gun Kelly
Sweet but Psycho,Ava Max,Heaven & Hell,https://i.scdn.co/image/ab67616d0000b2739a95e89d24214b94de36ccf7,https://www.youtube.com/watch?v=WXBHCQYxwr0,Sweet but Psycho by Ava Max
Beyond the Boundary (English Version),MindaRyn,Daylight,https://i.scdn.co/image/ab67616d0000b2737ebdcf796580c18bc6f29bcd,https://www.youtube.com/watch?v=ia_JlF2wibU,Beyond the Boundary (English Version) by MindaRyn
Be the one,MindaRyn,Be the one,https://i.scdn.co/image/ab67616d0000b273e689b260ac3bc14aa5888aac,https://www.youtube.com/watch?v=OWuIZf45FIM,Be the one by MindaRyn
Daylight,MindaRyn,Daylight,https://i.scdn.co/image/ab67616d0000b2739ad6977776040862265382f1,https://www.youtube.com/watch?v=k2-ygljRjsk,Daylight by MindaRyn
Kiss and Make Up,Dua Lipa,Dua Lipa (Complete Edition),https://i.scdn.co/image/ab67616d0000b2734251686a69b5bf55599ec280,https://www.youtube.com/watch?v=AX3Bsiq-13k,Kiss and Make Up by Dua Lipa
As If It's Your Last,BLACKPINK,As If It's Your Last,https://i.scdn.co/image/ab67616d0000b273ac93d8b1bd84fa6b5291ba21,https://www.youtube.com/watch?v=Amq-qlqbjYA,As If It's Your Last by BLACKPINK
Kill This Love,BLACKPINK,Kill This Love,https://i.scdn.co/image/ab67616d0000b2732d602ab2d4acff0c2cf57683,https://www.youtube.com/watch?v=2S24-y0Ij3Y,Kill This Love by BLACKPINK
PLAYING WITH FIRE,BLACKPINK,SQUARE TWO,https://i.scdn.co/image/ab67616d0000b27318a4a215052e9f396864bd73,https://www.youtube.com/watch?v=9pdj4iJD08s,PLAYING WITH FIRE by BLACKPINK
SLUMP -Japanese ver.-,Stray Kids,SLUMP -Japanese ver.-,https://i.scdn.co/image/ab67616d0000b273ca95829ceeba66a11e7148c5,https://www.youtube.com/watch?v=7SPnJMGB9u4,SLUMP -Japanese ver.- by Stray Kids
How You Like That,BLACKPINK,THE ALBUM,https://i.scdn.co/image/ab67616d0000b2731895052324f123becdd0d53d,https://www.youtube.com/watch?v=ioNng23DkIM,How You Like That by BLACKPINK
I'm a Mess,Bebe Rexha,Expectations,https://i.scdn.co/image/ab67616d0000b27361fe6d3a50c0beaa3cfe33e9,https://www.youtube.com/watch?v=LdH7aFjDzjI,I'm a Mess by Bebe Rexha
Believer,Imagine Dragons,Evolve,https://i.scdn.co/image/ab67616d0000b2737956bd9a3d7a15e4c2e37cc6,https://www.youtube.com/watch?v=W0DM5lcj6mw,Believer by Imagine Dragons
Lonely Together - (feat. Rita Ora) Alan Walker Remix,Avicii,Lonely Together (Remixes),https://i.scdn.co/image/ab67616d0000b27389211c279aeda3340c161c41,https://www.youtube.com/watch?v=oOlmtJRB8oI,Lonely Together - (feat. Rita Ora) Alan Walker Remix by Avicii
Shape of You,Ed Sheeran,÷ (Deluxe),https://i.scdn.co/image/ab67616d0000b273ba5db46f4b838ef6027e6f96,https://www.youtube.com/watch?v=JGwWNGJdvx8,Shape of You by Ed Sheeran
LA Girls,Charlie Puth,Voicenotes,https://i.scdn.co/image/ab67616d0000b273897f73256b9128a9d70eaf66,https://www.youtube.com/watch?v=iW3Than5jrs,LA Girls by Charlie Puth
How Long,Charlie Puth,Voicenotes,https://i.scdn.co/image/ab67616d0000b273897f73256b9128a9d70eaf66,https://www.youtube.com/watch?v=CwfoyVa980U,How Long by Charlie Puth
Stitches,Shawn Mendes,Handwritten,https://i.scdn.co/image/ab67616d0000b27375bd5306fb4669a15ee74eff,https://www.youtube.com/watch?v=VbfpW0pbvaU,Stitches by Shawn Mendes
Señorita,Shawn Mendes,Señorita,https://i.scdn.co/image/ab67616d0000b273e6095c382c2853667c1623eb,https://www.youtube.com/watch?v=Pkh8UtuejGw,Señorita by Shawn Mendes
Dangerously,Charlie Puth,Nine Track Mind,https://i.scdn.co/image/ab67616d0000b273633a2d775747bccfbcb17a45,https://www.youtube.com/watch?v=TBXQu8ORnBQ,Dangerously by Charlie Puth
River,Charlie Puth,Nine Track Mind (Deluxe Edition),https://i.scdn.co/image/ab67616d0000b27366345dc4318d575d294e3567,https://www.youtube.com/watch?v=Q7VK0WwAoXQ,River by Charlie Puth
Pray For Me (with Kendrick Lamar),The Weeknd,Black Panther The Album Music From And Inspired By,https://i.scdn.co/image/ab67616d0000b273c027ad28821777b00dcaa888,https://www.youtube.com/watch?v=XR7Ev14vUh8,Pray For Me (with Kendrick Lamar) by The Weeknd
My Gospel,Charlie Puth,Nine Track Mind,https://i.scdn.co/image/ab67616d0000b273633a2d775747bccfbcb17a45,https://www.youtube.com/watch?v=ADcVtF2cTWc,My Gospel by Charlie Puth
See You Again (feat. Charlie Puth),Wiz Khalifa,Nine Track Mind,https://i.scdn.co/image/ab67616d0000b273633a2d775747bccfbcb17a45,https://www.youtube.com/watch?v=RgKAFK5djSk,See You Again (feat. Charlie Puth) by Wiz Khalifa
I Warned Myself,Charlie Puth,I Warned Myself,https://i.scdn.co/image/ab67616d0000b273e66903135e41183081297578,https://www.youtube.com/watch?v=wjIes1eGAw4,I Warned Myself by Charlie Puth
One Call Away,Charlie Puth,Nine Track Mind,https://i.scdn.co/image/ab67616d0000b273633a2d775747bccfbcb17a45,https://www.youtube.com/watch?v=BxuY9FET9Y4,One Call Away by Charlie Puth
Attention,Charlie Puth,Voicenotes,https://i.scdn.co/image/ab67616d0000b273897f73256b9128a9d70eaf66,https://www.youtube.com/watch?v=nfs8NYg7yQM,Attention by Charlie Puth
If I Can't Have You,Shawn Mendes,If I Can't Have You,https://i.scdn.co/image/ab67616d0000b273625acd26e0e455312667565f,https://www.youtube.com/watch?v=oTJ-oqwxdZY,If I Can't Have You by Shawn Mendes
There's Nothing Holdin' Me Back,Shawn Mendes,Illuminate (Deluxe),https://i.scdn.co/image/ab67616d0000b273f9cbd0c07513a7232cd6b9a7,https://www.youtube.com/watch?v=dT2owtxkU8k,There's Nothing Holdin' Me Back by Shawn Mendes
Stitches,Shawn Mendes,Handwritten (Deluxe),https://i.scdn.co/image/ab67616d0000b27347710f5e89677e4d048e744c,https://www.youtube.com/watch?v=VbfpW0pbvaU,Stitches by Shawn Mendes
Treat You Better,Shawn Mendes,Illuminate,https://i.scdn.co/image/ab67616d0000b2731376b4b16f4bfcba02dc571b,https://www.youtube.com/watch?v=lY2yjAdbvdQ,Treat You Better by Shawn Mendes
Scared to Be Lonely,Martin Garrix,Scared to Be Lonely,https://i.scdn.co/image/ab67616d0000b27364f8a309aa3c0a66a31fc374,https://www.youtube.com/watch?v=e2vBLd5Egnk,Scared to Be Lonely by Martin Garrix
Thunder,Imagine Dragons,Evolve,https://i.scdn.co/image/ab67616d0000b2735675e83f707f1d7271e5cf8a,https://www.youtube.com/watch?v=fKopy74weus,Thunder by Imagine Dragons
Despacito,Luis Fonsi,VIDA,https://i.scdn.co/image/ab67616d0000b273ef0d4234e1a645740f77d59c,https://www.youtube.com/watch?v=kJQP7kiw5Fk,Despacito by Luis Fonsi
Rap God,Eminem,The Marshall Mathers LP2 (Deluxe),https://i.scdn.co/image/ab67616d0000b273cb66bcc14c6f857c127d5969,https://www.youtube.com/watch?v=XbGs_qK2PQA,Rap God by Eminem
We Don't Talk Anymore (feat. Selena Gomez),Charlie Puth,Nine Track Mind,https://i.scdn.co/image/ab67616d0000b273633a2d775747bccfbcb17a45,https://www.youtube.com/watch?v=3AtDnEC4zak,We Don't Talk Anymore (feat. Selena Gomez) by Charlie Puth
Look What You Made Me Do,Taylor Swift,reputation,https://i.scdn.co/image/ab67616d0000b273da5d5aeeabacacc1263c0f4b,https://www.youtube.com/watch?v=3tmd-ClpJxA,Look What You Made Me Do by Taylor Swift
FRIENDS,Marshmello,FRIENDS,https://i.scdn.co/image/ab67616d0000b273569f64493ca55cd96fdee412,https://www.youtube.com/watch?v=jzD_yyEcp0M,FRIENDS by Marshmello
Bad Blood,Taylor Swift,1989,https://i.scdn.co/image/ab67616d0000b273b7e976d2b35c767f9012cb72,https://www.youtube.com/watch?v=QcIy9NiNbmo,Bad Blood by Taylor Swift
Venom - Remix,Eminem,"Last One Standing (feat. Polo G, Mozzy & Eminem) [From Venom: Let There Be Carnage]",https://i.scdn.co/image/ab67616d0000b273eec04d194051bbdb926922b0,https://www.youtube.com/watch?v=DlOMEMFkyIk,Venom - Remix by Eminem
Love The Way You Lie,Eminem,Recovery,https://i.scdn.co/image/ab67616d0000b273c08d5fa5c0f1a834acef5100,https://www.youtube.com/watch?v=uelHwf8o7_U,Love The Way You Lie by Eminem
Levitating,Dua Lipa,Future Nostalgia,https://i.scdn.co/image/ab67616d0000b273bd26ede1ae69327010d49946,https://www.youtube.com/watch?v=TUVcZfQe-Kw,Levitating by Dua Lipa
Roar,Katy Perry,PRISM (Deluxe),https://i.scdn.co/image/ab67616d0000b27347f930accd8ac01686401fa2,https://www.youtube.com/watch?v=CevxZvSJLk8,Roar by Katy Perry
Not Afraid,Eminem,Recovery,https://i.scdn.co/image/ab67616d0000b273c08d5fa5c0f1a834acef5100,https://www.youtube.com/watch?v=j5-yKhDd64s,Not Afraid by Eminem
Animals,Maroon 5,V (Asia Tour Edition),https://i.scdn.co/image/ab67616d0000b27337677af5b4f23fe9dc8a3c04,https://www.youtube.com/watch?v=qpgTC9MDx1o,Animals by Maroon 5
Sorry,Justin Bieber,Purpose (Deluxe),https://i.scdn.co/image/ab67616d0000b273f46b9d202509a8f7384b90de,https://www.youtube.com/watch?v=fRh_vgS2dFE,Sorry by Justin Bieber
End of Time,K-391,End of Time,https://i.scdn.co/image/ab67616d0000b27349b9fbf2345c02ca2387a357,https://www.youtube.com/watch?v=Oj18EikZMuU,End of Time by K-391
"Gravity Wall (From ""Re:Creators"")",AmaLee,"Total Coverage, Vol. 4",https://i.scdn.co/image/ab67616d0000b273f7c293b2e144744765a30f1b,https://www.youtube.com/watch?v=drJqDmEGIes,"Gravity Wall (From ""Re:Creators"") by AmaLee"
"scaPEGoat (From ""Seraph of the End"")",AmaLee,Nostalgia VI,https://i.scdn.co/image/ab67616d0000b273113a19795290a9bb4d4dd8b0,https://www.youtube.com/watch?v=J_YIsIHL3sM,"scaPEGoat (From ""Seraph of the End"") by AmaLee"
"Oath Sign (From ""Fate/Zero"")",AmaLee,Nostalgia VII,https://i.scdn.co/image/ab67616d0000b2735420ee98d32886205eafddb5,https://www.youtube.com/watch?v=8IieuQ7sYKs,"Oath Sign (From ""Fate/Zero"") by AmaLee"
"REDO (from ""Re:Zero"")",AmaLee,"Total Coverage, Vol. 6",https://i.scdn.co/image/ab67616d0000b2736b5dfec2a5049cfec31a83be,https://www.youtube.com/watch?v=jkITVaOUHlE,"REDO (from ""Re:Zero"") by AmaLee"
"Long Shot (From ""Re:Zero"")",AmaLee,"Long Shot (From ""Re:Zero"")",https://i.scdn.co/image/ab67616d0000b273a2f92743784b2c5325b2cde6,https://www.youtube.com/watch?v=teehw1RPc9U,"Long Shot (From ""Re:Zero"") by AmaLee"
"RISE (from ""League of Legends"")",AmaLee,"RISE (from ""League of Legends"")",https://i.scdn.co/image/ab67616d0000b273c6b0cded9a242e83a8d1eed1,https://www.youtube.com/watch?v=Xe0dR6RH7mU,"RISE (from ""League of Legends"") by AmaLee"
"Oath Oracle (from ""Honkai Impact 3"")",AmaLee,"Oath Oracle (from ""Honkai Impact 3"")",https://i.scdn.co/image/ab67616d0000b2735a3a4b4843a4aa856a3ba368,https://www.youtube.com/watch?v=mIj7A-awLhY,"Oath Oracle (from ""Honkai Impact 3"") by AmaLee"
白銀,LiSA,明け星 / 白銀,https://i.scdn.co/image/ab67616d0000b273a20b0fea45e5ab96a19f6b4f,https://www.youtube.com/watch?v=5whFTc6SaI8,白銀 by LiSA
Goya No Machiawase,Hello Sleepwalkers,Masked Monkey Awakening,https://i.scdn.co/image/ab67616d0000b273ce0fefd823cb043020c9c5b5,https://www.youtube.com/watch?v=J69oCCM1EcI,Goya No Machiawase by Hello Sleepwalkers
dawn,LiSA,dawn,https://i.scdn.co/image/ab67616d0000b273963f8a4cc48c0a1e91f5bab9,https://www.youtube.com/watch?v=9JUVJLF6XWI,dawn by LiSA
"Inferno (from ""Fire Force"")",AmaLee,"Inferno (from ""Fire Force"")",https://i.scdn.co/image/ab67616d0000b2738aeff19a0dd44f8f15c4845a,https://www.youtube.com/watch?v=uQkz5d6prt4,"Inferno (from ""Fire Force"") by AmaLee"
Rising Hope,LiSA,Launcher,https://i.scdn.co/image/ab67616d0000b273922a4db681b171d5191c63a5,https://www.youtube.com/watch?v=IzhMzY5avLI,Rising Hope by LiSA
"From the Edge (From ""Demon Slayer: Kimetsu no Yaiba"")",Akano,"From the Edge (From ""Demon Slayer: Kimetsu no Yaiba"")",https://i.scdn.co/image/ab67616d0000b273989da13681c6dc0224127a7a,https://www.youtube.com/watch?v=ZGZx1Z0VdJA,"From the Edge (From ""Demon Slayer: Kimetsu no Yaiba"") by Akano"
Insane,Black Gryph0n,Insane,https://i.scdn.co/image/ab67616d0000b273db593bc79e337cbcab12cf88,https://www.youtube.com/watch?v=juJkNKodgdE,Insane by Black Gryph0n
she's all i wanna be,Tate McRae,she's all i wanna be,https://i.scdn.co/image/ab67616d0000b273f7916a35ffdd6cb90bbbdf2f,https://www.youtube.com/watch?v=uS_y_65CcpA,she's all i wanna be by Tate McRae
All Eyes on You,Smash Into Pieces,Arcadia,https://i.scdn.co/image/ab67616d0000b273e58496fe2aa27dcdc6ccea42,https://www.youtube.com/watch?v=tSQ6CyyPatM,All Eyes on You by Smash Into Pieces
Wake Up,Smash Into Pieces,Arcadia,https://i.scdn.co/image/ab67616d0000b273e58496fe2aa27dcdc6ccea42,https://www.youtube.com/watch?v=JGoTxg-WQ2c,Wake Up by Smash Into Pieces
Liar Mask,真山りか,Liar Mask,https://i.scdn.co/image/ab67616d0000b273ae93afe5a0722e356d4da246,https://www.youtube.com/watch?v=3EtMXW9bc34,Liar Mask by 真山りか
On My Way,Alan Walker,On My Way,https://i.scdn.co/image/ab67616d0000b273d2aaf635815c265aa1ecdecc,https://www.youtube.com/watch?v=dhYOPzcsbGM,On My Way by Alan Walker
Sorry,Alan Walker,Sorry,https://i.scdn.co/image/ab67616d0000b2730e97b7df631033cb28551d37,https://www.youtube.com/watch?v=72agGC5b_Yo,Sorry by Alan Walker
Lily,Alan Walker,Different World,https://i.scdn.co/image/ab67616d0000b273a108e07c661f9fc54de9c43a,https://www.youtube.com/watch?v=ox4tmEV6-QU,Lily by Alan Walker
Kings & Queens,Ava Max,Heaven & Hell,https://i.scdn.co/image/ab67616d0000b2739a95e89d24214b94de36ccf7,https://www.youtube.com/watch?v=jH1RNk8954Q,Kings & Queens by Ava Max
"Alone, Pt. II",Alan Walker,"Alone, Pt. II",https://i.scdn.co/image/ab67616d0000b273153261ff7373a171c24ab9f9,https://www.youtube.com/watch?v=HhjHYkPQ8F0,"Alone, Pt. II by Alan Walker"
Diamond Heart,Alan Walker,Different World,https://i.scdn.co/image/ab67616d0000b273a108e07c661f9fc54de9c43a,https://www.youtube.com/watch?v=sJXZ9Dok7u8,Diamond Heart by Alan Walker
Ignite,Alan Walker,Ignite,https://i.scdn.co/image/ab67616d0000b273eaee7835ad1cd0c435edd7cf,https://www.youtube.com/watch?v=Az-mGR-CehY,Ignite by Alan Walker
All Falls Down (feat. Juliander),Alan Walker,Different World,https://i.scdn.co/image/ab67616d0000b273a108e07c661f9fc54de9c43a,https://www.youtube.com/watch?v=Tfaq4UTH7P0,All Falls Down (feat. Juliander) by Alan Walker
The Spectre,Alan Walker,The Spectre,https://i.scdn.co/image/ab67616d0000b273a6a151ed88a170ae3a81eff5,https://www.youtube.com/watch?v=wJnBTPUQS5A,The Spectre by Alan Walker
Faded,Alan Walker,Different World,https://i.scdn.co/image/ab67616d0000b273a108e07c661f9fc54de9c43a,https://www.youtube.com/watch?v=60ItHLz5WEA,Faded by Alan Walker
Different World (feat. CORSAK),Alan Walker,Different World,https://i.scdn.co/image/ab67616d0000b273a108e07c661f9fc54de9c43a,https://www.youtube.com/watch?v=m-PJmmvyP10,Different World (feat. CORSAK) by Alan Walker
Alone,Alan Walker,Different World,https://i.scdn.co/image/ab67616d0000b273a108e07c661f9fc54de9c43a,https://www.youtube.com/watch?v=bPs0xFd4skY,Alone by Alan Walker
Cheap Thrills,Sia,This Is Acting,https://i.scdn.co/image/ab67616d0000b27349e0134c686547c28b7c999f,https://www.youtube.com/watch?v=nYh-n7EOtMA,Cheap Thrills by Sia
Havana (feat. Young Thug),Camila Cabello,Camila,https://i.scdn.co/image/ab67616d0000b2736eb0b9e73adcf04e4ed3eca4,https://www.youtube.com/watch?v=BQ0mxQXmLsk,Havana (feat. Young Thug) by Camila Cabello
Takeaway,The Chainsmokers,World War Joy,https://i.scdn.co/image/ab67616d0000b2735e90ff76fd49a23f7333de76,https://www.youtube.com/watch?v=lzkKzZmRZk8,Takeaway by The Chainsmokers
Darkside,Alan Walker,Different World,https://i.scdn.co/image/ab67616d0000b273a108e07c661f9fc54de9c43a,https://www.youtube.com/watch?v=M-P4QBt-FWw,Darkside by Alan Walker
Dark seeks light,ニノミヤユイ,Dark seeks light / 散文的LIFE,https://i.scdn.co/image/ab67616d0000b273a5ad89ead0fac4da0763a80c,https://www.youtube.com/watch?v=CL8ihD3rPC4,Dark seeks light by ニノミヤユイ
空想メソロギヰ,Yousei Teikoku,PAX VESANIA,https://i.scdn.co/image/ab67616d0000b273fd463667d0879f62cfdf863d,https://www.youtube.com/watch?v=ZZvJY7_gyfw,空想メソロギヰ by Yousei Teikoku
TOP -Japanese ver.-,Stray Kids,TOP -Japanese ver.-,https://i.scdn.co/image/ab67616d0000b2737d35820d42b3eac8efcf53ae,https://www.youtube.com/watch?v=o7lqCcE4Lho,TOP -Japanese ver.- by Stray Kids
Contradiction (feat. Tyler Carter),KSUKE,Contradiction (feat. Tyler Carter),https://i.scdn.co/image/ab67616d0000b27338ffa87882c527d832c76d78,https://www.youtube.com/watch?v=pkw_Hl3qXCs,Contradiction (feat. Tyler Carter) by KSUKE
残酷な夢と眠れ,栗林みな実,残酷な夢と眠れ,https://i.scdn.co/image/ab67616d0000b2735fcf9ff63a1749dc47c36a61,https://www.youtube.com/watch?v=Q2MYkD4k4iA,残酷な夢と眠れ by 栗林みな実
Salvaged,NateWantsToBattle,Mangled,https://i.scdn.co/image/ab67616d0000b273dfcdceeec13aa5e4f4e86dfd,https://www.youtube.com/watch?v=NaqmqordZs4,Salvaged by NateWantsToBattle
"Sen no Tsubasa (From ""Re:_Hamatora"")",FalKKonE,"Intense Symphonic Metal Covers, Vol. 20",https://i.scdn.co/image/ab67616d0000b2737c7f29cfb244da8f95b864bc,https://www.youtube.com/watch?v=F4d7ES1emyc,"Sen no Tsubasa (From ""Re:_Hamatora"") by FalKKonE"
"Jingo Jungle (From ""Saga of Tanya the Evil"")",AmaLee,"Total Coverage, Vol. 3",https://i.scdn.co/image/ab67616d0000b2732aeea87074a118530336ba3d,https://www.youtube.com/watch?v=C7cPUez_7v8,"Jingo Jungle (From ""Saga of Tanya the Evil"") by AmaLee"
"Crying For Rain (From ""Domestic Girlfriend"")",Geek Music,"The Anime Collection, Vol. 5",https://i.scdn.co/image/ab67616d0000b2736dd4d1f7294e8f4761aa8e8f,https://www.youtube.com/watch?v=rbmZXEYOy3I,"Crying For Rain (From ""Domestic Girlfriend"") by Geek Music"
Angel With a Shotgun,The Cab,Symphony Soldier,https://i.scdn.co/image/ab67616d0000b273f9bb204cc751ef1960b1eec6,https://www.youtube.com/watch?v=rQKMLmXc0xo,Angel With a Shotgun by The Cab
"Hacking to the Gate (from ""Steins;Gate"")",AmaLee,"Hacking to the Gate (from ""Steins;Gate"")",https://i.scdn.co/image/ab67616d0000b273d2c77d71408fe1665cc980d5,https://www.youtube.com/watch?v=WV4KbpaIqoY,"Hacking to the Gate (from ""Steins;Gate"") by AmaLee"
"Guren No Yumiya (From ""Attack on Titan"")",AmaLee,Nostalgia IV,https://i.scdn.co/image/ab67616d0000b273b4bff29ced87195e00575182,https://www.youtube.com/watch?v=Czam1dKjoCc,"Guren No Yumiya (From ""Attack on Titan"") by AmaLee"
"aLIEz (From ""Aldnoah.Zero"")",AmaLee,"Total Coverage, Vol. 1",https://i.scdn.co/image/ab67616d0000b2730e31807283ce3e7026c34ebb,https://www.youtube.com/watch?v=9G9CPZ8Zd7k,"aLIEz (From ""Aldnoah.Zero"") by AmaLee"
"Black Catcher (from ""Black Clover"")",AmaLee,"Black Catcher (from ""Black Clover"")",https://i.scdn.co/image/ab67616d0000b27339abfd843cf8dab6fbfe1326,https://www.youtube.com/watch?v=rz4JvdxdHNY,"Black Catcher (from ""Black Clover"") by AmaLee"
"L.L.L. (From ""Overlord"")",AmaLee,"L.L.L. (From ""Overlord"")",https://i.scdn.co/image/ab67616d0000b2738a6a4852c51131771efd51cd,https://www.youtube.com/watch?v=xkEGcTPXRbk,"L.L.L. (From ""Overlord"") by AmaLee"
"Resonance (From ""Soul Eater"")",AmaLee,Nostalgia V,https://i.scdn.co/image/ab67616d0000b2735925f744886665d7867b773c,https://www.youtube.com/watch?v=N8wTmqSby0E,"Resonance (From ""Soul Eater"") by AmaLee"
"One Reason (From ""Deadman Wonderland"")",AmaLee,"Total Coverage, Vol. 1",https://i.scdn.co/image/ab67616d0000b2730e31807283ce3e7026c34ebb,https://www.youtube.com/watch?v=eyDGww159bY,"One Reason (From ""Deadman Wonderland"") by AmaLee"
"Resister (from ""Sword Art Online: Alicization"")",AmaLee,"Resister (from ""Sword Art Online: Alicization"")",https://i.scdn.co/image/ab67616d0000b273c867b34f1c52c5a20972dc0a,https://www.youtube.com/watch?v=bf7yfo_KnNc,"Resister (from ""Sword Art Online: Alicization"") by AmaLee"
"Courage (From ""Sword Art Online II"")",AmaLee,"Courage (From ""Sword Art Online II"")",https://i.scdn.co/image/ab67616d0000b27365e9569587aa03f2e063e959,https://www.youtube.com/watch?v=0tn5g2pF5PU,"Courage (From ""Sword Art Online II"") by AmaLee"
"NO-LIMIT (from ""Fairy Tail"")",AmaLee,"Total Coverage, Vol. 5",https://i.scdn.co/image/ab67616d0000b273f6069aba5f1f93a46ca7c10e,https://www.youtube.com/watch?v=fkCksU0jf04,"NO-LIMIT (from ""Fairy Tail"") by AmaLee"
"Kaibutsu (from ""BEASTARS"")",AmaLee,"Kaibutsu (from ""BEASTARS"")",https://i.scdn.co/image/ab67616d0000b2730b75c1b086ec0d06b7d4b3ba,https://www.youtube.com/watch?v=HlYU5wYsyuI,"Kaibutsu (from ""BEASTARS"") by AmaLee"
Wolf In Sheep's Clothing,NateWantsToBattle,Wolf In Sheep's Clothing,https://i.scdn.co/image/ab67616d0000b27353e861ec9772fa58381e495c,https://www.youtube.com/watch?v=dFHrOhaQrBM,Wolf In Sheep's Clothing by NateWantsToBattle
"Shinzou wo Sasageyo (From ""Attack on Titan"")",AmaLee,"Shinzou wo Sasageyo (From ""Attack on Titan"")",https://i.scdn.co/image/ab67616d0000b2733bc69c596b288f94040e08fa,https://www.youtube.com/watch?v=hKGdEEmghZ0,"Shinzou wo Sasageyo (From ""Attack on Titan"") by AmaLee"
"Open Your Eyes (From ""Occultic;Nine"")",AmaLee,"Open Your Eyes (From ""Occultic;Nine"")",https://i.scdn.co/image/ab67616d0000b273107cfa1999d9e8a343c55679,https://www.youtube.com/watch?v=fnUGrTW97io,"Open Your Eyes (From ""Occultic;Nine"") by AmaLee"
Addict,Silva Hound,Addict Remixed,https://i.scdn.co/image/ab67616d0000b273ddf422fc0f3a24fd68420f2c,https://www.youtube.com/watch?v=cTLAZunyA38,Addict by Silva Hound
"This Game (From ""No Game No Life"")",AmaLee,Nostalgia VII,https://i.scdn.co/image/ab67616d0000b2735420ee98d32886205eafddb5,https://www.youtube.com/watch?v=DxWjE4doQjg,"This Game (From ""No Game No Life"") by AmaLee"
"Again (From ""Fullmetal Alchemist: Brotherhood"")",AmaLee,"Total Coverage, Vol. 1",https://i.scdn.co/image/ab67616d0000b2730e31807283ce3e7026c34ebb,https://www.youtube.com/watch?v=R-WRihrquec,"Again (From ""Fullmetal Alchemist: Brotherhood"") by AmaLee"
"Black Catcher (from ""Black Clover"")",AmaLee,"Total Coverage, Vol. 5",https://i.scdn.co/image/ab67616d0000b273f6069aba5f1f93a46ca7c10e,https://www.youtube.com/watch?v=rz4JvdxdHNY,"Black Catcher (from ""Black Clover"") by AmaLee"
"Ignite (From ""Sword Art Online II"")",AmaLee,Nostalgia VI,https://i.scdn.co/image/ab67616d0000b273113a19795290a9bb4d4dd8b0,https://www.youtube.com/watch?v=FrOL0NzCzWo,"Ignite (From ""Sword Art Online II"") by AmaLee"
Let Me Hear,"Fear, and Loathing in Las Vegas",Feeling of Unity,https://i.scdn.co/image/ab67616d0000b273b98079a2b6ebfcba7ee937fc,https://www.youtube.com/watch?v=D-SQqppuGvc,"Let Me Hear by Fear, and Loathing in Las Vegas"
廻廻奇譚,Eve,廻廻奇譚 / 蒼のワルツ,https://i.scdn.co/image/ab67616d0000b273ad5d6db67f662909067fdb4a,https://www.youtube.com/watch?v=1tk1pqwrOys,廻廻奇譚 by Eve
紅蓮華,LiSA,Gurenge,https://i.scdn.co/image/ab67616d0000b273f011b6033fde09faa79b5000,https://www.youtube.com/watch?v=MpYy6wwqxoo,紅蓮華 by LiSA
"Inside of Every Demon (From ""Hazbin Hotel"") [REMIX]",AmaLee,The Remixes,https://i.scdn.co/image/ab67616d0000b27375d0e92346244ffb48eedf3e,https://www.youtube.com/watch?v=Fp7_jPc3gtk,"Inside of Every Demon (From ""Hazbin Hotel"") [REMIX] by AmaLee"
Anti world,高槻かなこ,Anti world,https://i.scdn.co/image/ab67616d0000b273bb08ce00fb8817d5af5b840d,https://www.youtube.com/watch?v=2DHmEaULN24,Anti world by 高槻かなこ
Baddest,樋口 楓,Baddest,https://i.scdn.co/image/ab67616d0000b273b6ca627fa31970f906e950bc,https://www.youtube.com/watch?v=kBW4IuOl5xw,Baddest by 樋口 楓
Tokyo Ghoul Opening (Unravel),Yung Anime,Tokyo Ghoul Opening (Unravel),https://i.scdn.co/image/ab67616d0000b273ba667e6f9a3ac7b6b63bdc31,https://www.youtube.com/watch?v=aVpJGGQHSqc,Tokyo Ghoul Opening (Unravel) by Yung Anime
Speechless (Full),Naomi Scott,Aladdin (Original Motion Picture Soundtrack),https://i.scdn.co/image/ab67616d0000b2739986d69836eac008a927b032,https://www.youtube.com/watch?v=mw5VIEIvuMI,Speechless (Full) by Naomi Scott
Like Flames,MindaRyn,Like Flames,https://i.scdn.co/image/ab67616d0000b273bc25aabc8c2dda7191cc5baa,https://www.youtube.com/watch?v=q8TGietS5Q0,Like Flames by MindaRyn
final phase,fripSide,final phase,https://i.scdn.co/image/ab67616d0000b273edc276ef655e9d56cf35900d,https://www.youtube.com/watch?v=Leq8J0E2TQ0,final phase by fripSide
BAKU (CORSAK Remix) - SACRA BEATS Singles,Ikimonogakari,BAKU (CORSAK Remix) - SACRA BEATS Singles,https://i.scdn.co/image/ab67616d0000b273b8089fd038733269b044b63e,https://www.youtube.com/watch?v=g-QWvR7HVUY,BAKU (CORSAK Remix) - SACRA BEATS Singles by Ikimonogakari
カワキヲアメク,美波,カワキヲアメク,https://i.scdn.co/image/ab67616d0000b273e192db03c0db78e0eead6114,https://www.youtube.com/watch?v=0YF8vecQWYs,カワキヲアメク by 美波
Be Down,ACCAMER,Be Down / ダイバーシティ,https://i.scdn.co/image/ab67616d0000b27327ac52ddee66c11085af4eb1,https://www.youtube.com/watch?v=Q_Aet8apQ0g,Be Down by ACCAMER
SPARK-AGAIN,Aimer,SPARK-AGAIN,https://i.scdn.co/image/ab67616d0000b27332a6df61fa5c878c6e2aa87b,https://www.youtube.com/watch?v=ziv5u2XpC7U,SPARK-AGAIN by Aimer
the WORLD,Nightmare,the WORLD Ruler,https://i.scdn.co/image/ab67616d0000b2731bfa1a433edde0dedb26e0b7,https://www.youtube.com/watch?v=D7MMMNTQ7H0,the WORLD by Nightmare
Black Catcher,Vickeblanka,Devil,https://i.scdn.co/image/ab67616d0000b2739ee734a46d5a3789d7b867dc,https://www.youtube.com/watch?v=hP6VM6YAMIE,Black Catcher by Vickeblanka
熱情のスペクトラム,Ikimonogakari,熱情のスペクトラム/涙がきえるなら,https://i.scdn.co/image/ab67616d0000b273eb6460eabcc4fcac29e23278,https://www.youtube.com/watch?v=FLs2faYqoNU,熱情のスペクトラム by Ikimonogakari
VIVID VICE,Who-ya Extended,VIVID VICE,https://i.scdn.co/image/ab67616d0000b27385afa7777487bf662038d2aa,https://www.youtube.com/watch?v=BBxgzISkCLQ,VIVID VICE by Who-ya Extended
ANIMA,ReoNa,unknown,https://i.scdn.co/image/ab67616d0000b273bac2f4b2afb34252fd3d0565,https://www.youtube.com/watch?v=r-4XumkB2Yg,ANIMA by ReoNa
ファティマ,いとうかなこ,ファティマ(TVアニメ「シュタインズ・ゲート ゼロ」OPテーマ),https://i.scdn.co/image/ab67616d0000b27316052dae7e0f5404597980ec,https://www.youtube.com/watch?v=hgFPAJNuVhM,ファティマ by いとうかなこ
sugar sweet nightmare,物語シリーズ,Bakemonogatari Gekihanongakushu (Original Soundtrack),https://i.scdn.co/image/ab67616d0000b27307b73502046411485d068ee3,https://www.youtube.com/watch?v=BAchFngRQeA,sugar sweet nightmare by 物語シリーズ
楽園,Fujifabric,楽園,https://i.scdn.co/image/ab67616d0000b273701f163bcc0ddc5f52d5172e,https://www.youtube.com/watch?v=TzlecLbdo-s,楽園 by Fujifabric
声?,はてな,声?,https://i.scdn.co/image/ab67616d0000b273c43a3f0cccbe7481e82dd244,https://www.youtube.com/watch?v=08uZkbpF1N8,声? by はてな
